,eax_count,num_sections,section_entropy_text,section_entropy_rdata,section_entropy_data,section_entropy_pdata,section_entropy_rsrc,section_entropy_reloc,section_entropy_didat,section_entropy_ndata,section_entropy_GWDATA,section_entropy_ext,section_entropy_ata,section_entropy_gfids,section_entropy_tls,section_entropy_RDATA,section_entropy_ODE,section_entropy_ATA,section_entropy_SS,section_entropy_idata,section_entropy_PX0,section_entropy_PX1,section_entropy_rna,section_entropy_itext,section_entropy_bss,section_entropy_didata,section_entropy_edata,section_entropy_rodata,section_entropy_,section_entropy_xdata,section_entropy_-I\dCm,section_entropy_00cfg,section_entropy_trace,section_entropy_data1,section_entropy_UTO,section_entropy__GROUP,section_entropy_GROUP,section_entropy_orpc,section_entropy_wixburn,section_entropy_sdata,section_entropy_unwante,section_entropy_extrel,section_entropy_DEBUGDA,section_entropy_4,section_entropy_CRT,section_entropy_14,section_entropy_SHARED,section_entropy_gentee,section_entropy_db_info,section_entropy_db_abbv,section_entropy_db_line,section_entropy_db_pnam,section_entropy_db_str,section_entropy_db_ref,section_entropy_db_fram,section_entropy_debug,section_entropy_AGE,section_entropy_AGEIPSE,section_entropy_AGEIDP,section_entropy_AGERSS,section_entropy_AGECONS,section_entropy_NIT,section_entropy_FIDS,section_entropy_aspack,section_entropy_adata,section_entropy_wtext,section_entropy_AGE_COM,section_entropy_AGE_CAI,section_entropy_AGE_DAL,section_entropy_AGE_PPL,section_entropy_AGE_CPC,section_entropy_AGE_RO,section_entropy_AGE_RW,section_entropy_AGE_CPR,section_entropy_winzip_,section_entropy_INIT,section_entropy_textbss,section_entropy__wibu00,section_entropy__wibu01,section_entropy__wibu02,section_entropy__wibu03,section_entropy__wibu04,section_entropy__wibu05,section_entropy__wibu06,section_entropy__wibu07,section_entropy_sxdata,section_entropy_HARED,section_entropy_hared,section_entropy_extjmp,section_entropy_bootdat,section_entropy_discard,section_entropy_ps4,section_entropy_cwtls,section_entropy_stab,section_entropy_stabstr,section_entropy_ftext,section_entropy_text1,section_entropy_reloc1,section_entropy_PCL_TEX,section_entropy_PCL_SET,section_entropy_PCL_TES,section_entropy_PCL_INI,section_entropy_PCL_DAT,section_entropy_PCL_CON,section_entropy_ONST,section_entropy_PADinfo,section_entropy_MPRESS1,section_entropy_MPRESS2,section_entropy_kbdfall,section_entropy_ONPAGE,section_entropy_boxload,section_entropy_Yrrehs,section_entropy_Themida,section_entropy_29,section_entropy_41,section_entropy_55,section_entropy_67,section_entropy_80,section_entropy_91,section_entropy_102,section_entropy_shr,label
0,1406,6,6.4485965157751535,5.01672843444287,2.857567553487913,5.31241285743381,7.997685618322384,4.740650109925915,,,,,,,,,,,,,,,,,,,,,,,,,,,,,,,,,,,,,,,,,,,,,,,,,,,,,,,,,,,,,,,,,,,,,,,,,,,,,,,,,,,,,,,,,,,,,,,,,,,,,,,,,,,,,,,,,,1
1,2874,7,6.432638032065022,4.79223242795594,2.6856694451701197,5.353019575041401,3.074657055397698,4.772720106147309,2.8839776443250793,,,,,,,,,,,,,,,,,,,,,,,,,,,,,,,,,,,,,,,,,,,,,,,,,,,,,,,,,,,,,,,,,,,,,,,,,,,,,,,,,,,,,,,,,,,,,,,,,,,,,,,,,,,,,,,,,1
2,2698,5,6.417698236857409,5.181627099249737,4.70902740305165,,5.757216409525656,,,0.0,,,,,,,,,,,,,,,,,,,,,,,,,,,,,,,,,,,,,,,,,,,,,,,,,,,,,,,,,,,,,,,,,,,,,,,,,,,,,,,,,,,,,,,,,,,,,,,,,,,,,,,,,,,,,,,,1
3,806,9,5.79671848175201,0.0,0.0,0.0,0.0,0.0,,,0.0,0.0,0.0,,,,,,,,,,,,,,,,,,,,,,,,,,,,,,,,,,,,,,,,,,,,,,,,,,,,,,,,,,,,,,,,,,,,,,,,,,,,,,,,,,,,,,,,,,,,,,,,,,,,,,,,,,,,,1
4,17841,5,6.515068753477112,0.0,0.0,,0.0,0.0,,,,,,,,,,,,,,,,,,,,,,,,,,,,,,,,,,,,,,,,,,,,,,,,,,,,,,,,,,,,,,,,,,,,,,,,,,,,,,,,,,,,,,,,,,,,,,,,,,,,,,,,,,,,,,,,,,1
5,13249,5,6.631640884227879,4.933646579820487,4.6800559506291535,,7.8790254721697,4.912801544574053,,,,,,,,,,,,,,,,,,,,,,,,,,,,,,,,,,,,,,,,,,,,,,,,,,,,,,,,,,,,,,,,,,,,,,,,,,,,,,,,,,,,,,,,,,,,,,,,,,,,,,,,,,,,,,,,,,1
6,18266,6,6.702461653702596,5.129209736026443,3.2392777137149493,,6.636752625127319,6.6822235936303365,,,,,,2.0784955155960185,,,,,,,,,,,,,,,,,,,,,,,,,,,,,,,,,,,,,,,,,,,,,,,,,,,,,,,,,,,,,,,,,,,,,,,,,,,,,,,,,,,,,,,,,,,,,,,,,,,,,,,,,,,,1
7,9504,8,6.238245839233049,4.985211104997926,4.944775100074196,,5.114292988931007,6.6460891897399685,,,,,,0.377229103835012,0.020393135236084953,4.146059373990642,,,,,,,,,,,,,,,,,,,,,,,,,,,,,,,,,,,,,,,,,,,,,,,,,,,,,,,,,,,,,,,,,,,,,,,,,,,,,,,,,,,,,,,,,,,,,,,,,,,,,,,,,,1
8,1535,8,,0.2044881574398449,,,7.224259590214882,0.0,,,,,,,0.0,,6.631765876950794,2.751820662285145,0.0,4.430733069799036,,,,,,,,,,,,,,,,,,,,,,,,,,,,,,,,,,,,,,,,,,,,,,,,,,,,,,,,,,,,,,,,,,,,,,,,,,,,,,,,,,,,,,,,,,,,,,,,,,,,,,1
9,1096,6,6.422478760068495,5.017675727461697,2.6636926051993224,5.017152010929677,7.9982243450495,5.065020541732556,,,,,,,,,,,,,,,,,,,,,,,,,,,,,,,,,,,,,,,,,,,,,,,,,,,,,,,,,,,,,,,,,,,,,,,,,,,,,,,,,,,,,,,,,,,,,,,,,,,,,,,,,,,,,,,,,,1
10,562,4,5.55376012321685,2.839464332984372,0.2694448386073115,,7.926376819724743,,,,,,,,,,,,,,,,,,,,,,,,,,,,,,,,,,,,,,,,,,,,,,,,,,,,,,,,,,,,,,,,,,,,,,,,,,,,,,,,,,,,,,,,,,,,,,,,,,,,,,,,,,,,,,,,,,,1
11,9090,4,6.64196639655477,5.657239275273412,3.994682603530589,,4.697759551512376,,,,,,,,,,,,,,,,,,,,,,,,,,,,,,,,,,,,,,,,,,,,,,,,,,,,,,,,,,,,,,,,,,,,,,,,,,,,,,,,,,,,,,,,,,,,,,,,,,,,,,,,,,,,,,,,,,,1
12,2593,3,,,,,5.276419377741552,,,,,,,,,,,,,,0.0,7.925669257427359,,,,,,,,,,,,,,,,,,,,,,,,,,,,,,,,,,,,,,,,,,,,,,,,,,,,,,,,,,,,,,,,,,,,,,,,,,,,,,,,,,,,,,,,,,,,,,,,,,,,1
13,2293,3,5.8117281309280395,,0.0,,2.3939801717239666,,,,,,,,,,,,,,,,,,,,,,,,,,,,,,,,,,,,,,,,,,,,,,,,,,,,,,,,,,,,,,,,,,,,,,,,,,,,,,,,,,,,,,,,,,,,,,,,,,,,,,,,,,,,,,,,,,,1
14,4215,5,5.8743917088803626,5.721324130552658,0.1634559130937946,,1.5525673897041803,5.223722917651402,,,,,,,,,,,,,,,,,,,,,,,,,,,,,,,,,,,,,,,,,,,,,,,,,,,,,,,,,,,,,,,,,,,,,,,,,,,,,,,,,,,,,,,,,,,,,,,,,,,,,,,,,,,,,,,,,,1
15,5771,6,1.7406339883696467,0.5951775028402769,1.5987712735224036,,2.5607605054069125,3.821221907785696,,,,,,,,,,,,,,,0.8667673841845696,,,,,,,,,,,,,,,,,,,,,,,,,,,,,,,,,,,,,,,,,,,,,,,,,,,,,,,,,,,,,,,,,,,,,,,,,,,,,,,,,,,,,,,,,,,,,,,,,,,1
16,3905,6,6.358710875740074,4.8363567750120735,2.118352825686473,4.987740926100616,4.0166290670654945,2.834937222005786,,,,,,,,,,,,,,,,,,,,,,,,,,,,,,,,,,,,,,,,,,,,,,,,,,,,,,,,,,,,,,,,,,,,,,,,,,,,,,,,,,,,,,,,,,,,,,,,,,,,,,,,,,,,,,,,,,1
17,345,3,,,,,4.870626325505245,,,,,,,,,,,,,,0.0,7.998793836642779,,,,,,,,,,,,,,,,,,,,,,,,,,,,,,,,,,,,,,,,,,,,,,,,,,,,,,,,,,,,,,,,,,,,,,,,,,,,,,,,,,,,,,,,,,,,,,,,,,,,1
18,763,3,,,,,5.733941941007607,,,,,,,,,,,,,,0.0,7.79194333242445,,,,,,,,,,,,,,,,,,,,,,,,,,,,,,,,,,,,,,,,,,,,,,,,,,,,,,,,,,,,,,,,,,,,,,,,,,,,,,,,,,,,,,,,,,,,,,,,,,,,1
19,3128,10,6.405732443568755,1.388512593926096,4.327593194812503,,5.917623766623107,,,,,,,,0.0,,,,,5.2186014086699055,,,,6.132081858702718,0.0,4.057529959894819,1.918703717011135,,,,,,,,,,,,,,,,,,,,,,,,,,,,,,,,,,,,,,,,,,,,,,,,,,,,,,,,,,,,,,,,,,,,,,,,,,,,,,,,,,,,,,,,,,,,,,,1
20,3835,3,7.200046407900059,,,,1.1594341621782156,0.016408464515625623,,,,,,,,,,,,,,,,,,,,,,,,,,,,,,,,,,,,,,,,,,,,,,,,,,,,,,,,,,,,,,,,,,,,,,,,,,,,,,,,,,,,,,,,,,,,,,,,,,,,,,,,,,,,,,,,,,1
21,4302,9,6.431828587946028,4.945979684685029,4.859769321889372,6.441279342245484,3.5374209734971656,5.459730446757046,,,,,,3.927805569471562,0.020393135236084953,,,,,,,,,,,,,6.276717399855799,,,,,,,,,,,,,,,,,,,,,,,,,,,,,,,,,,,,,,,,,,,,,,,,,,,,,,,,,,,,,,,,,,,,,,,,,,,,,,,,,,,,,,,,,,,,,,1
22,1415,6,6.4485965157751535,5.01672843444287,2.857567553487913,5.31241285743381,7.997940387265803,4.740650109925915,,,,,,,,,,,,,,,,,,,,,,,,,,,,,,,,,,,,,,,,,,,,,,,,,,,,,,,,,,,,,,,,,,,,,,,,,,,,,,,,,,,,,,,,,,,,,,,,,,,,,,,,,,,,,,,,,,1
23,1577,4,6.832567629510211,,,,,4.667438366012199,,,,,,,,,,,,,,,,,,,,,0.0,0.0,,,,,,,,,,,,,,,,,,,,,,,,,,,,,,,,,,,,,,,,,,,,,,,,,,,,,,,,,,,,,,,,,,,,,,,,,,,,,,,,,,,,,,,,,,,,1
24,482,5,6.1350073833525265,5.219281192184474,4.613719361252935,,5.641291705559151,6.639756901814592,,,,,,,,,,,,,,,,,,,,,,,,,,,,,,,,,,,,,,,,,,,,,,,,,,,,,,,,,,,,,,,,,,,,,,,,,,,,,,,,,,,,,,,,,,,,,,,,,,,,,,,,,,,,,,,,,,1
25,779,3,5.814741808172426,,,,2.501856680166022,0.10191042566270775,,,,,,,,,,,,,,,,,,,,,,,,,,,,,,,,,,,,,,,,,,,,,,,,,,,,,,,,,,,,,,,,,,,,,,,,,,,,,,,,,,,,,,,,,,,,,,,,,,,,,,,,,,,,,,,,,,1
26,2479,3,7.051359433526971,,,,5.038735233017373,0.10191042566270775,,,,,,,,,,,,,,,,,,,,,,,,,,,,,,,,,,,,,,,,,,,,,,,,,,,,,,,,,,,,,,,,,,,,,,,,,,,,,,,,,,,,,,,,,,,,,,,,,,,,,,,,,,,,,,,,,,1
27,14361,4,6.569447634783593,4.577709086542443,3.785511540629669,,5.13973557719761,,,,,,,,,,,,,,,,,,,,,,,,,,,,,,,,,,,,,,,,,,,,,,,,,,,,,,,,,,,,,,,,,,,,,,,,,,,,,,,,,,,,,,,,,,,,,,,,,,,,,,,,,,,,,,,,,,,1
28,6118,4,6.367290725558036,4.6229054729444385,2.6923310217420453,,7.999742933109918,,,,,,,,,,,,,,,,,,,,,,,,,,,,,,,,,,,,,,,,,,,,,,,,,,,,,,,,,,,,,,,,,,,,,,,,,,,,,,,,,,,,,,,,,,,,,,,,,,,,,,,,,,,,,,,,,,,1
29,830,4,6.605787798064813,,3.640996848516902,,,5.575552677158179,,,,,,,,,,,,,,,,,,,,,,5.623162339072909,,,,,,,,,,,,,,,,,,,,,,,,,,,,,,,,,,,,,,,,,,,,,,,,,,,,,,,,,,,,,,,,,,,,,,,,,,,,,,,,,,,,,,,,,,,,1
30,1654,6,6.767251814126523,6.554998311212783,6.31391461450774,,3.6632639868338637,6.683721940778659,,,,,,,,,,,,,,,,,,,,3.9150198710790476,,,,,,,,,,,,,,,,,,,,,,,,,,,,,,,,,,,,,,,,,,,,,,,,,,,,,,,,,,,,,,,,,,,,,,,,,,,,,,,,,,,,,,,,,,,,,,1
31,31914,5,6.345207442178708,4.876511174850438,4.722030660030086,,5.1820802839073465,5.3095143815987536,,,,,,,,,,,,,,,,,,,,,,,,,,,,,,,,,,,,,,,,,,,,,,,,,,,,,,,,,,,,,,,,,,,,,,,,,,,,,,,,,,,,,,,,,,,,,,,,,,,,,,,,,,,,,,,,,,1
32,8642,5,6.675248351711057,5.763222529043094,1.1963819235530628,,7.580394728727909,6.783955557128661,,,,,,,,,,,,,,,,,,,,,,,,,,,,,,,,,,,,,,,,,,,,,,,,,,,,,,,,,,,,,,,,,,,,,,,,,,,,,,,,,,,,,,,,,,,,,,,,,,,,,,,,,,,,,,,,,,1
33,755,5,5.565675730337881,,,,6.62571275547707,0.07763316234324169,,,,,,,,,,,,,,,,,,,,,0.12227588125913882,,7.999955374373984,,,,,,,,,,,,,,,,,,,,,,,,,,,,,,,,,,,,,,,,,,,,,,,,,,,,,,,,,,,,,,,,,,,,,,,,,,,,,,,,,,,,,,,,,,,1
34,553120,6,0.8932876173948842,0.0,0.0,,0.0,0.0,,,,,,0.0,,,,,,,,,,,,,,,,,,,,,,,,,,,,,,,,,,,,,,,,,,,,,,,,,,,,,,,,,,,,,,,,,,,,,,,,,,,,,,,,,,,,,,,,,,,,,,,,,,,,,,,,,,,,1
35,1595,10,6.341858219173157,0.2069200177871819,6.190191849736069,,6.516921885646181,6.728094130960962,,,,,,,0.0,,,,,5.362497125514412,,,,6.161802500797089,0.0,3.9566000953301996,,,,,,,,,,,,,,,,,,,,,,,,,,,,,,,,,,,,,,,,,,,,,,,,,,,,,,,,,,,,,,,,,,,,,,,,,,,,,,,,,,,,,,,,,,,,,,,,1
36,16185,8,4.387206574396044,3.7660292739605734,2.9163577228540856,5.511997980169324,2.141668798597866,2.26865368864418,,,,,,,,,,,,4.585561685625269,,,,,,,,,,,,0.06116285224115448,,,,,,,,,,,,,,,,,,,,,,,,,,,,,,,,,,,,,,,,,,,,,,,,,,,,,,,,,,,,,,,,,,,,,,,,,,,,,,,,,,,,,,,,,,1
37,1969,5,6.3973278206031505,,3.6979519240626098,,4.289919328185357,6.6024264941917465,,,,,,,,,,,,5.456542074682142,,,,,,,,,,,,,,,,,,,,,,,,,,,,,,,,,,,,,,,,,,,,,,,,,,,,,,,,,,,,,,,,,,,,,,,,,,,,,,,,,,,,,,,,,,,,,,,,,,,,,,1
38,1537,6,6.281624080815232,4.545722012856157,3.6831510546970163,5.938488933561416,4.737415824267793,4.33211207167694,,,,,,,,,,,,,,,,,,,,,,,,,,,,,,,,,,,,,,,,,,,,,,,,,,,,,,,,,,,,,,,,,,,,,,,,,,,,,,,,,,,,,,,,,,,,,,,,,,,,,,,,,,,,,,,,,,1
39,195968,9,6.747025023408074,6.098780350063921,5.541255560555044,,6.262976280218769,5.655799765530479,,,,,,,,4.763960979082059,,,,,,,,,,,,3.9703072274907645,,,,,2.8990487331573496,0.4364468883746211,,,,,,,,,,,,,,,,,,,,,,,,,,,,,,,,,,,,,,,,,,,,,,,,,,,,,,,,,,,,,,,,,,,,,,,,,,,,,,,,,,,,,,,,1
40,485,2,6.073079627732736,,,,4.758729690825995,,,,,,,,,,,,,,,,,,,,,,,,,,,,,,,,,,,,,,,,,,,,,,,,,,,,,,,,,,,,,,,,,,,,,,,,,,,,,,,,,,,,,,,,,,,,,,,,,,,,,,,,,,,,,,,,,,,1
41,8686,6,6.640602736416763,5.299901552952696,2.401080477257007,,7.982367119512101,6.347396995208731,,,,,,1.701061688997196,,,,,,,,,,,,,,,,,,,,,,,,,,,,,,,,,,,,,,,,,,,,,,,,,,,,,,,,,,,,,,,,,,,,,,,,,,,,,,,,,,,,,,,,,,,,,,,,,,,,,,,,,,,,1
42,3714,4,6.614335720691354,5.405526902870671,3.3167818935936206,,5.988339031880873,,,,,,,,,,,,,,,,,,,,,,,,,,,,,,,,,,,,,,,,,,,,,,,,,,,,,,,,,,,,,,,,,,,,,,,,,,,,,,,,,,,,,,,,,,,,,,,,,,,,,,,,,,,,,,,,,,,1
43,1460,8,,1.1099075713222712,,,4.210683204632781,6.6660685062938505,,,,,,,0.0,,6.526770448085329,3.9649323676139687,0.0,4.900250757369708,,,,,,,,,,,,,,,,,,,,,,,,,,,,,,,,,,,,,,,,,,,,,,,,,,,,,,,,,,,,,,,,,,,,,,,,,,,,,,,,,,,,,,,,,,,,,,,,,,,,,,1
44,2016,6,6.460769028184736,4.975145889380638,3.843145588703829,5.52064890151931,4.487183402543279,4.038829026704643,,,,,,,,,,,,,,,,,,,,,,,,,,,,,,,,,,,,,,,,,,,,,,,,,,,,,,,,,,,,,,,,,,,,,,,,,,,,,,,,,,,,,,,,,,,,,,,,,,,,,,,,,,,,,,,,,,1
45,8801,6,6.3949621498786975,4.549772921119474,4.168916647532869,6.144494414504079,2.67827739181214,5.451287946503492,,,,,,,,,,,,,,,,,,,,,,,,,,,,,,,,,,,,,,,,,,,,,,,,,,,,,,,,,,,,,,,,,,,,,,,,,,,,,,,,,,,,,,,,,,,,,,,,,,,,,,,,,,,,,,,,,,1
46,6304,4,6.675826909921719,4.742827029121756,3.0655915600708354,,4.360350945325595,,,,,,,,,,,,,,,,,,,,,,,,,,,,,,,,,,,,,,,,,,,,,,,,,,,,,,,,,,,,,,,,,,,,,,,,,,,,,,,,,,,,,,,,,,,,,,,,,,,,,,,,,,,,,,,,,,,1
47,1168,4,6.325291580481148,4.839533454404064,3.1640083925175797,,4.492180484912595,,,,,,,,,,,,,,,,,,,,,,,,,,,,,,,,,,,,,,,,,,,,,,,,,,,,,,,,,,,,,,,,,,,,,,,,,,,,,,,,,,,,,,,,,,,,,,,,,,,,,,,,,,,,,,,,,,,1
48,77145,5,6.636367721898208,4.579982049062842,4.293130060084258,,5.93617479145128,6.581925310802095,,,,,,,,,,,,,,,,,,,,,,,,,,,,,,,,,,,,,,,,,,,,,,,,,,,,,,,,,,,,,,,,,,,,,,,,,,,,,,,,,,,,,,,,,,,,,,,,,,,,,,,,,,,,,,,,,,1
49,1944,5,6.544608100860365,4.6220616436432085,2.3853496272642127,,7.244149640882413,2.9187014730146448,,,,,,,,,,,,,,,,,,,,,,,,,,,,,,,,,,,,,,,,,,,,,,,,,,,,,,,,,,,,,,,,,,,,,,,,,,,,,,,,,,,,,,,,,,,,,,,,,,,,,,,,,,,,,,,,,,1
50,2016,8,,0.2044881574398449,,,4.813617730022013,6.586647864611828,,,,,,,0.0,,6.594375997321255,3.7937570409882295,0.0,4.8854949370233145,,,,,,,,,,,,,,,,,,,,,,,,,,,,,,,,,,,,,,,,,,,,,,,,,,,,,,,,,,,,,,,,,,,,,,,,,,,,,,,,,,,,,,,,,,,,,,,,,,,,,,1
51,3072,3,5.902754900711385,,0.0,,6.284754129847686,,,,,,,,,,,,,,,,,,,,,,,,,,,,,,,,,,,,,,,,,,,,,,,,,,,,,,,,,,,,,,,,,,,,,,,,,,,,,,,,,,,,,,,,,,,,,,,,,,,,,,,,,,,,,,,,,,,1
52,12153,7,6.548041516044897,2.562310468529891,2.219161583519246,,7.454016636268617,6.571265362973107,,,,,,0.46931719583004794,0.020393135236084953,,,,,,,,,,,,,,,,,,,,,,,,,,,,,,,,,,,,,,,,,,,,,,,,,,,,,,,,,,,,,,,,,,,,,,,,,,,,,,,,,,,,,,,,,,,,,,,,,,,,,,,,,,,1
53,581,2,,1.015521153364966,,,4.038611765271425,,,,,,,,,,,,,,,,,,,,,,,,,,,,,,,,,,,,,,,,,,,,,,,,,,,,,,,,,,,,,,,,,,,,,,,,,,,,,,,,,,,,,,,,,,,,,,,,,,,,,,,,,,,,,,,,,,,1
54,1203,8,,0.190488766434666,,,4.575828996374725,0.0,,,,,,,0.0,,6.643749028594943,2.740124513017086,0.0,4.486076246232586,,,,,,,,,,,,,,,,,,,,,,,,,,,,,,,,,,,,,,,,,,,,,,,,,,,,,,,,,,,,,,,,,,,,,,,,,,,,,,,,,,,,,,,,,,,,,,,,,,,,,,1
55,561,2,1.8157040734669607,,,,5.467297070988989,,,,,,,,,,,,,,,,,,,,,,,,,,,,,,,,,,,,,,,,,,,,,,,,,,,,,,,,,,,,,,,,,,,,,,,,,,,,,,,,,,,,,,,,,,,,,,,,,,,,,,,,,,,,,,,,,,,1
56,1816,5,6.45087073894468,5.0706656585095145,3.584248046178873,,5.220193508285271,,,0.0,,,,,,,,,,,,,,,,,,,,,,,,,,,,,,,,,,,,,,,,,,,,,,,,,,,,,,,,,,,,,,,,,,,,,,,,,,,,,,,,,,,,,,,,,,,,,,,,,,,,,,,,,,,,,,,,1
57,713,2,,1.780103861013007,,,3.4417237426539877,,,,,,,,,,,,,,,,,,,,,,,,,,,,,,,,,,,,,,,,,,,,,,,,,,,,,,,,,,,,,,,,,,,,,,,,,,,,,,,,,,,,,,,,,,,,,,,,,,,,,,,,,,,,,,,,,,,1
58,3277,8,,,,,7.996098977971841,6.72868245528506,,,,,,,,,,,,5.315351413724021,,,,,4.369067004946418,,0.8424917143644813,,,,,,,,6.259449633590291,4.965980038606687,4.715786749244835,,,,,,,,,,,,,,,,,,,,,,,,,,,,,,,,,,,,,,,,,,,,,,,,,,,,,,,,,,,,,,,,,,,,,,,,,,,,,,,,,,,,,1
59,943,3,5.90195918237793,,,,3.257516515074008,0.08153941234324169,,,,,,,,,,,,,,,,,,,,,,,,,,,,,,,,,,,,,,,,,,,,,,,,,,,,,,,,,,,,,,,,,,,,,,,,,,,,,,,,,,,,,,,,,,,,,,,,,,,,,,,,,,,,,,,,,,1
60,2118,4,5.94455050732092,,0.0,,2.4567297367191014,5.190047114135336,,,,,,,,,,,,,,,,,,,,,,,,,,,,,,,,,,,,,,,,,,,,,,,,,,,,,,,,,,,,,,,,,,,,,,,,,,,,,,,,,,,,,,,,,,,,,,,,,,,,,,,,,,,,,,,,,,1
61,18933,4,6.426822034995657,0.0,0.0,,0.0,,,,,,,,,,,,,,,,,,,,,,,,,,,,,,,,,,,,,,,,,,,,,,,,,,,,,,,,,,,,,,,,,,,,,,,,,,,,,,,,,,,,,,,,,,,,,,,,,,,,,,,,,,,,,,,,,,,1
62,58246,8,6.6098606807216385,4.83929350186426,4.762198666638433,,6.439018573269105,6.610340976410757,,,,,,3.4575488015820572,0.020393135236084953,,,,,,,,,,,,,,,,,,,,,,,3.7761646753164184,,,,,,,,,,,,,,,,,,,,,,,,,,,,,,,,,,,,,,,,,,,,,,,,,,,,,,,,,,,,,,,,,,,,,,,,,,,,,,,,,,,,1
63,30308,5,6.536513373489953,6.13055681757152,5.506776215968294,,3.7256034956004522,6.752103715872339,,,,,,,,,,,,,,,,,,,,,,,,,,,,,,,,,,,,,,,,,,,,,,,,,,,,,,,,,,,,,,,,,,,,,,,,,,,,,,,,,,,,,,,,,,,,,,,,,,,,,,,,,,,,,,,,,,1
64,16398,7,6.562821923349037,5.108405897376974,3.1545761028353714,,5.5332886893903455,6.790256745431247,,,,,,,0.0,,,,,,,,,,,,,,,,,,,,,,,,0.7592494141059085,,,,,,,,,,,,,,,,,,,,,,,,,,,,,,,,,,,,,,,,,,,,,,,,,,,,,,,,,,,,,,,,,,,,,,,,,,,,,,,,,,,1
65,3749,6,6.653096809275944,4.294623013410423,2.26517870457888,5.85655527135512,1.9023777728754172,5.425926250382954,,,,,,,,,,,,,,,,,,,,,,,,,,,,,,,,,,,,,,,,,,,,,,,,,,,,,,,,,,,,,,,,,,,,,,,,,,,,,,,,,,,,,,,,,,,,,,,,,,,,,,,,,,,,,,,,,,1
66,2587,5,6.417698236857409,5.181627099249737,4.70902740305165,,6.014817015599551,,,0.0,,,,,,,,,,,,,,,,,,,,,,,,,,,,,,,,,,,,,,,,,,,,,,,,,,,,,,,,,,,,,,,,,,,,,,,,,,,,,,,,,,,,,,,,,,,,,,,,,,,,,,,,,,,,,,,,1
67,9090,4,6.64196639655477,5.657239275273412,3.994682603530589,,4.697759551512376,,,,,,,,,,,,,,,,,,,,,,,,,,,,,,,,,,,,,,,,,,,,,,,,,,,,,,,,,,,,,,,,,,,,,,,,,,,,,,,,,,,,,,,,,,,,,,,,,,,,,,,,,,,,,,,,,,,1
68,607,8,,0.2108262677871819,,,4.762831461674625,0.0,,,,,,,0.0,,6.528807122953124,4.579946804632666,0.0,4.97674278397031,,,,,,,,,,,,,,,,,,,,,,,,,,,,,,,,,,,,,,,,,,,,,,,,,,,,,,,,,,,,,,,,,,,,,,,,,,,,,,,,,,,,,,,,,,,,,,,,,,,,,,1
69,6480,6,4.6292249572633875,3.1468017112360718,2.011872625532349,3.294437941427311,0.4796593024807062,0.0,,,,,,,,,,,,,,,,,,,,,,,,,,,,,,,,,,,,,,,,,,,,,,,,,,,,,,,,,,,,,,,,,,,,,,,,,,,,,,,,,,,,,,,,,,,,,,,,,,,,,,,,,,,,,,,,,,1
70,1511,8,,0.2044881574398449,,,4.498943067834889,0.0,,,,,,,0.0,,6.631765876950794,2.751820662285145,0.0,4.430733069799036,,,,,,,,,,,,,,,,,,,,,,,,,,,,,,,,,,,,,,,,,,,,,,,,,,,,,,,,,,,,,,,,,,,,,,,,,,,,,,,,,,,,,,,,,,,,,,,,,,,,,,1
71,30246,3,6.587872142698358,,0.17235515107252478,,3.8282198345054357,,,,,,,,,,,,,,,,,,,,,,,,,,,,,,,,,,,,,,,,,,,,,,,,,,,,,,,,,,,,,,,,,,,,,,,,,,,,,,,,,,,,,,,,,,,,,,,,,,,,,,,,,,,,,,,,,,,1
72,1410,4,5.627201614369251,,3.232139258055006,,,6.004530894028755,,,,,,,,,,,,,,,,,,,,,,4.002959077796143,,,,,,,,,,,,,,,,,,,,,,,,,,,,,,,,,,,,,,,,,,,,,,,,,,,,,,,,,,,,,,,,,,,,,,,,,,,,,,,,,,,,,,,,,,,,1
73,572,4,5.907712223606706,4.1030444686946,0.4698068813429501,,,4.598526116797164,,,,,,,,,,,,,,,,,,,,,,,,,,,,,,,,,,,,,,,,,,,,,,,,,,,,,,,,,,,,,,,,,,,,,,,,,,,,,,,,,,,,,,,,,,,,,,,,,,,,,,,,,,,,,,,,,,1
74,1946,7,5.972474367232928,4.091562573774925,0.4295224506328726,2.9992392970623944,4.116919970650397,0.2272518948570176,,,,,,0.08153941234324169,,,,,,,,,,,,,,,,,,,,,,,,,,,,,,,,,,,,,,,,,,,,,,,,,,,,,,,,,,,,,,,,,,,,,,,,,,,,,,,,,,,,,,,,,,,,,,,,,,,,,,,,,,,,1
75,9642,6,5.215210314928275,5.419012452098573,4.332263429846131,5.565152090267559,4.280850186380623,5.132240019274244,,,,,,,,,,,,,,,,,,,,,,,,,,,,,,,,,,,,,,,,,,,,,,,,,,,,,,,,,,,,,,,,,,,,,,,,,,,,,,,,,,,,,,,,,,,,,,,,,,,,,,,,,,,,,,,,,,1
76,40,3,,,,,3.600746227447049,,,,,,,,,,,,,,0.0,7.929087701937026,,,,,,,,,,,,,,,,,,,,,,,,,,,,,,,,,,,,,,,,,,,,,,,,,,,,,,,,,,,,,,,,,,,,,,,,,,,,,,,,,,,,,,,,,,,,,,,,,,,,1
77,1075,7,6.190412224207954,5.062507873885341,2.441328339109626,5.510970451830328,6.979553200985025,5.4006043870815414,0.4141127768720589,,,,,,,,,,,,,,,,,,,,,,,,,,,,,,,,,,,,,,,,,,,,,,,,,,,,,,,,,,,,,,,,,,,,,,,,,,,,,,,,,,,,,,,,,,,,,,,,,,,,,,,,,,,,,,,,,1
78,1200,3,6.856391446636946,,,,6.881660086901519,0.10191042566270775,,,,,,,,,,,,,,,,,,,,,,,,,,,,,,,,,,,,,,,,,,,,,,,,,,,,,,,,,,,,,,,,,,,,,,,,,,,,,,,,,,,,,,,,,,,,,,,,,,,,,,,,,,,,,,,,,,1
79,0,3,5.91695014484307,0.0,0.0,,,,,,,,,,,,,,,,,,,,,,,,,,,,,,,,,,,,,,,,,,,,,,,,,,,,,,,,,,,,,,,,,,,,,,,,,,,,,,,,,,,,,,,,,,,,,,,,,,,,,,,,,,,,,,,,,,,,,1
80,8255,6,6.529263392364434,4.8938803167868326,2.76285883284634,,3.445050880322703,6.629539344205573,0.6434201119078852,,,,,,,,,,,,,,,,,,,,,,,,,,,,,,,,,,,,,,,,,,,,,,,,,,,,,,,,,,,,,,,,,,,,,,,,,,,,,,,,,,,,,,,,,,,,,,,,,,,,,,,,,,,,,,,,,1
81,4077,8,,0.19743807838821048,,,5.689391254739546,0.0,,,,,,,0.0,,6.418656995855611,0.7376532065454068,0.0,3.824221196668909,,,,,,,,,,,,,,,,,,,,,,,,,,,,,,,,,,,,,,,,,,,,,,,,,,,,,,,,,,,,,,,,,,,,,,,,,,,,,,,,,,,,,,,,,,,,,,,,,,,,,,1
82,6109,4,6.7093958205834845,5.094206571155269,3.5896395566987698,,4.6338833129292185,,,,,,,,,,,,,,,,,,,,,,,,,,,,,,,,,,,,,,,,,,,,,,,,,,,,,,,,,,,,,,,,,,,,,,,,,,,,,,,,,,,,,,,,,,,,,,,,,,,,,,,,,,,,,,,,,,,1
83,1456,3,4.826338701369855,,,,2.954065832250319,0.08153941234324169,,,,,,,,,,,,,,,,,,,,,,,,,,,,,,,,,,,,,,,,,,,,,,,,,,,,,,,,,,,,,,,,,,,,,,,,,,,,,,,,,,,,,,,,,,,,,,,,,,,,,,,,,,,,,,,,,,1
84,3817,3,6.108649618462935,,,,1.1496147616058998,0.016408464515625623,,,,,,,,,,,,,,,,,,,,,,,,,,,,,,,,,,,,,,,,,,,,,,,,,,,,,,,,,,,,,,,,,,,,,,,,,,,,,,,,,,,,,,,,,,,,,,,,,,,,,,,,,,,,,,,,,,1
85,2264,4,5.6542729575500426,,,,3.5203090942522293,0.08153941234324169,,,,,,,,,,,,,,,,,,,,,,,,,,,,,,,,2.4170096532968395,,,,,,,,,,,,,,,,,,,,,,,,,,,,,,,,,,,,,,,,,,,,,,,,,,,,,,,,,,,,,,,,,,,,,,,,,,,,,,,,,,1
86,891,3,5.592055478485317,,,,2.4289606737014773,0.08153941234324169,,,,,,,,,,,,,,,,,,,,,,,,,,,,,,,,,,,,,,,,,,,,,,,,,,,,,,,,,,,,,,,,,,,,,,,,,,,,,,,,,,,,,,,,,,,,,,,,,,,,,,,,,,,,,,,,,,1
87,7676,6,6.350028112586334,4.80079477667399,1.1696254576018865,6.07253917527387,4.861224814513416,5.446194304071954,,,,,,,,,,,,,,,,,,,,,,,,,,,,,,,,,,,,,,,,,,,,,,,,,,,,,,,,,,,,,,,,,,,,,,,,,,,,,,,,,,,,,,,,,,,,,,,,,,,,,,,,,,,,,,,,,,1
88,2800,6,6.617789463295582,6.090728181654059,5.297859129855333,,4.58320042146259,6.252699802864041,,,,,,,,,,,,,,,,,,,,,,,,,,,,,,,,,5.0382718995888025,,,,,,,,,,,,,,,,,,,,,,,,,,,,,,,,,,,,,,,,,,,,,,,,,,,,,,,,,,,,,,,,,,,,,,,,,,,,,,,,,1
89,345,3,,,,,4.870626325505245,,,,,,,,,,,,,,0.0,7.998793836642779,,,,,,,,,,,,,,,,,,,,,,,,,,,,,,,,,,,,,,,,,,,,,,,,,,,,,,,,,,,,,,,,,,,,,,,,,,,,,,,,,,,,,,,,,,,,,,,,,,,,1
90,20170,7,6.3128536214292446,5.32860074919095,5.38006741997123,6.4958967494243804,4.366972326745448,5.454052563324468,,,,,,,0.0,,,,,,,,,,,,,,,,,,,,,,,,,,,,,,,,,,,,,,,,,,,,,,,,,,,,,,,,,,,,,,,,,,,,,,,,,,,,,,,,,,,,,,,,,,,,,,,,,,,,,,,,,,,1
91,1159,5,6.390938108806247,,3.7315512133435664,,,6.227749369525491,,,,,,,,,,,,,,,,,,,,,,5.295229510969978,,,,,,,,,,,,1.0061900432218815,,,,,,,,,,,,,,,,,,,,,,,,,,,,,,,,,,,,,,,,,,,,,,,,,,,,,,,,,,,,,,,,,,,,,,,,,,,,,,,,1
92,33898,7,6.62587377852173,6.141383563326595,5.719710901824025,,3.8108624776452724,6.659352268492637,,,,,,,0.0,,,,,,,,,,,,,,,,,,,,,,,,,,,,0.0,,,,,,,,,,,,,,,,,,,,,,,,,,,,,,,,,,,,,,,,,,,,,,,,,,,,,,,,,,,,,,,,,,,,,,,,,,,,,,,1
93,3338,8,6.285054530383907,5.189373439517105,4.53120867334747,5.707606214697146,3.6747330863644927,5.221891135292477,,,,,,0.29750055731160896,0.020393135236084953,,,,,,,,,,,,,,,,,,,,,,,,,,,,,,,,,,,,,,,,,,,,,,,,,,,,,,,,,,,,,,,,,,,,,,,,,,,,,,,,,,,,,,,,,,,,,,,,,,,,,,,,,,,1
94,2609,4,6.4944069010239405,4.660854253643796,5.532219296612564,,6.470278915283846,,,,,,,,,,,,,,,,,,,,,,,,,,,,,,,,,,,,,,,,,,,,,,,,,,,,,,,,,,,,,,,,,,,,,,,,,,,,,,,,,,,,,,,,,,,,,,,,,,,,,,,,,,,,,,,,,,,1
95,7528,8,6.343773819801703,4.613626710419481,2.1856284912351898,5.6550411416161195,3.4688640088899487,5.220887155132702,,,,,,2.0501637016628225,0.020393135236084953,,,,,,,,,,,,,,,,,,,,,,,,,,,,,,,,,,,,,,,,,,,,,,,,,,,,,,,,,,,,,,,,,,,,,,,,,,,,,,,,,,,,,,,,,,,,,,,,,,,,,,,,,,,1
96,2112,5,6.479451209065,5.143831732151552,4.000739070159718,,5.583914638327275,,,0.0,,,,,,,,,,,,,,,,,,,,,,,,,,,,,,,,,,,,,,,,,,,,,,,,,,,,,,,,,,,,,,,,,,,,,,,,,,,,,,,,,,,,,,,,,,,,,,,,,,,,,,,,,,,,,,,,1
97,4275,11,5.961659793243107,5.599002874407962,0.380208214397433,,,5.8647881300069855,,,,,,,0.27015680731160896,,,,,4.459693042964207,,,,,0.0,,3.996593397368703,,,,,,,,,,,,,,,,,4.497710326632436,0.19205743873554748,0.5159223789388845,,,,,,,,,,,,,,,,,,,,,,,,,,,,,,,,,,,,,,,,,,,,,,,,,,,,,,,,,,,,,,,,,,,,,,,,,,,,1
98,3788,3,5.791684475155003,,,,1.2261664678344752,0.016408464515625623,,,,,,,,,,,,,,,,,,,,,,,,,,,,,,,,,,,,,,,,,,,,,,,,,,,,,,,,,,,,,,,,,,,,,,,,,,,,,,,,,,,,,,,,,,,,,,,,,,,,,,,,,,,,,,,,,,1
99,131,9,3.0963248401854124,0.0,0.0,,0.0,0.0,,,,,,,0.0,,,,,0.0,,,,,,0.0,0.0,,,,,,,,,,,,,,,,,,,,,,,,,,,,,,,,,,,,,,,,,,,,,,,,,,,,,,,,,,,,,,,,,,,,,,,,,,,,,,,,,,,,,,,,,,,,,,,1
100,5596,4,6.622758264134845,0.0,0.0,,0.0,,,,,,,,,,,,,,,,,,,,,,,,,,,,,,,,,,,,,,,,,,,,,,,,,,,,,,,,,,,,,,,,,,,,,,,,,,,,,,,,,,,,,,,,,,,,,,,,,,,,,,,,,,,,,,,,,,,1
101,1529,3,5.816804381241897,,,,3.9976150952968075,0.10191042566270775,,,,,,,,,,,,,,,,,,,,,,,,,,,,,,,,,,,,,,,,,,,,,,,,,,,,,,,,,,,,,,,,,,,,,,,,,,,,,,,,,,,,,,,,,,,,,,,,,,,,,,,,,,,,,,,,,,1
102,1152,5,6.669545863263766,,4.101117663914323,,,6.4423361244939334,,,,,,,,,,,,,,,,,,,,,,5.741381222262833,,,,,,,,,,,,2.1675412629223536,,,,,,,,,,,,,,,,,,,,,,,,,,,,,,,,,,,,,,,,,,,,,,,,,,,,,,,,,,,,,,,,,,,,,,,,,,,,,,,,1
103,838,8,,0.2069200177871819,,,5.9234442643957275,6.634066341242977,,,,,,,0.0,,6.539189946786715,5.5090459523602835,0.0,5.131487181385096,,,,,,,,,,,,,,,,,,,,,,,,,,,,,,,,,,,,,,,,,,,,,,,,,,,,,,,,,,,,,,,,,,,,,,,,,,,,,,,,,,,,,,,,,,,,,,,,,,,,,,1
104,713,9,,0.2044881574398449,,,5.081360521083845,6.714789556759607,,,,,,,0.0,,6.608606528133461,4.236163281283623,0.0,4.958482892782357,,,,,,,1.8301935663657514,,,,,,,,,,,,,,,,,,,,,,,,,,,,,,,,,,,,,,,,,,,,,,,,,,,,,,,,,,,,,,,,,,,,,,,,,,,,,,,,,,,,,,,,,,,,,,,1
105,2227,5,6.412313123806772,,6.418158813390738,,3.997120244418902,5.3147191062039685,,,,,,,,,,,,4.457055099615354,,,,,,,,,,,,,,,,,,,,,,,,,,,,,,,,,,,,,,,,,,,,,,,,,,,,,,,,,,,,,,,,,,,,,,,,,,,,,,,,,,,,,,,,,,,,,,,,,,,,,,1
106,4318,6,6.42038695676854,4.645209995559725,4.442006668594306,5.7490731207932955,4.1050812572667414,5.336737365601584,,,,,,,,,,,,,,,,,,,,,,,,,,,,,,,,,,,,,,,,,,,,,,,,,,,,,,,,,,,,,,,,,,,,,,,,,,,,,,,,,,,,,,,,,,,,,,,,,,,,,,,,,,,,,,,,,,1
107,3940,6,6.4403211482703435,5.003287506686598,2.8524575682611535,5.24109280121594,7.998233126251366,5.347674444516477,,,,,,,,,,,,,,,,,,,,,,,,,,,,,,,,,,,,,,,,,,,,,,,,,,,,,,,,,,,,,,,,,,,,,,,,,,,,,,,,,,,,,,,,,,,,,,,,,,,,,,,,,,,,,,,,,,1
108,907,3,5.291353987319287,,,,2.682770650000692,0.08153941234324169,,,,,,,,,,,,,,,,,,,,,,,,,,,,,,,,,,,,,,,,,,,,,,,,,,,,,,,,,,,,,,,,,,,,,,,,,,,,,,,,,,,,,,,,,,,,,,,,,,,,,,,,,,,,,,,,,,1
109,2761,6,6.317317960940459,4.901523823248445,5.070434877605519,6.321392503033442,2.5143973550527323,5.443748322719136,,,,,,,,,,,,,,,,,,,,,,,,,,,,,,,,,,,,,,,,,,,,,,,,,,,,,,,,,,,,,,,,,,,,,,,,,,,,,,,,,,,,,,,,,,,,,,,,,,,,,,,,,,,,,,,,,,1
110,1203,8,,0.190488766434666,,,4.591773695436392,0.0,,,,,,,0.0,,6.643749028594943,2.740124513017086,0.0,4.486076246232586,,,,,,,,,,,,,,,,,,,,,,,,,,,,,,,,,,,,,,,,,,,,,,,,,,,,,,,,,,,,,,,,,,,,,,,,,,,,,,,,,,,,,,,,,,,,,,,,,,,,,,1
111,5255,2,,1.7929751314539895,,,3.564398544830612,,,,,,,,,,,,,,,,,,,,,,,,,,,,,,,,,,,,,,,,,,,,,,,,,,,,,,,,,,,,,,,,,,,,,,,,,,,,,,,,,,,,,,,,,,,,,,,,,,,,,,,,,,,,,,,,,,,1
112,755,3,7.598207057707757,,,,3.8412360624970776,0.10191042566270775,,,,,,,,,,,,,,,,,,,,,,,,,,,,,,,,,,,,,,,,,,,,,,,,,,,,,,,,,,,,,,,,,,,,,,,,,,,,,,,,,,,,,,,,,,,,,,,,,,,,,,,,,,,,,,,,,,1
113,618,4,4.154070741184465,,,,3.1584503384274973,0.08153941234324169,,,,,,,,,,,,0.867036425409706,,,,,,,,,,,,,,,,,,,,,,,,,,,,,,,,,,,,,,,,,,,,,,,,,,,,,,,,,,,,,,,,,,,,,,,,,,,,,,,,,,,,,,,,,,,,,,,,,,,,,,1
114,5759,4,6.368649820718873,6.298880394484831,0.0727926061531173,,5.238697158057728,,,,,,,,,,,,,,,,,,,,,,,,,,,,,,,,,,,,,,,,,,,,,,,,,,,,,,,,,,,,,,,,,,,,,,,,,,,,,,,,,,,,,,,,,,,,,,,,,,,,,,,,,,,,,,,,,,,1
115,322,3,,,,,4.875574301194888,,,,,,,,,,,,,,0.0,7.90298835852037,,,,,,,,,,,,,,,,,,,,,,,,,,,,,,,,,,,,,,,,,,,,,,,,,,,,,,,,,,,,,,,,,,,,,,,,,,,,,,,,,,,,,,,,,,,,,,,,,,,,1
116,2107,3,4.544107485295776,,,,1.2205514012316605,0.013126943721219527,,,,,,,,,,,,,,,,,,,,,,,,,,,,,,,,,,,,,,,,,,,,,,,,,,,,,,,,,,,,,,,,,,,,,,,,,,,,,,,,,,,,,,,,,,,,,,,,,,,,,,,,,,,,,,,,,,1
117,14563,5,4.963923962797607,5.472359561944595,0.3911963327862831,,5.112056178329978,6.598093671782938,,,,,,,,,,,,,,,,,,,,,,,,,,,,,,,,,,,,,,,,,,,,,,,,,,,,,,,,,,,,,,,,,,,,,,,,,,,,,,,,,,,,,,,,,,,,,,,,,,,,,,,,,,,,,,,,,,1
118,973,6,6.09833300790052,,3.571420507617481,5.860411330260763,4.49720893326897,3.920856779142984,,,,,,,0.0,,,,,,,,,,,,,,,,,,,,,,,,,,,,,,,,,,,,,,,,,,,,,,,,,,,,,,,,,,,,,,,,,,,,,,,,,,,,,,,,,,,,,,,,,,,,,,,,,,,,,,,,,,,1
119,1748,3,5.808583803203084,,0.12701076814887827,,5.332442136673731,,,,,,,,,,,,,,,,,,,,,,,,,,,,,,,,,,,,,,,,,,,,,,,,,,,,,,,,,,,,,,,,,,,,,,,,,,,,,,,,,,,,,,,,,,,,,,,,,,,,,,,,,,,,,,,,,,,1
120,38751,5,6.591768041635211,4.491750310113448,5.504028720974244,,5.6886482764796895,,,,,,,,,,,,,,,,,,,,,,,,,,,,,,,,,,,,,,,,0.0,,,,,,,,,,,,,,,,,,,,,,,,,,,,,,,,,,,,,,,,,,,,,,,,,,,,,,,,,,,,,,,,,,,,,,,,,,,1
121,728,3,5.604467859501151,,,,4.110734411829024,0.10191042566270775,,,,,,,,,,,,,,,,,,,,,,,,,,,,,,,,,,,,,,,,,,,,,,,,,,,,,,,,,,,,,,,,,,,,,,,,,,,,,,,,,,,,,,,,,,,,,,,,,,,,,,,,,,,,,,,,,,1
122,668,4,6.53586303132577,,4.6957867212690045,,,6.365472398257207,,,,,,,,,,,,,,,,,,,,,,5.676067007661327,,,,,,,,,,,,,,,,,,,,,,,,,,,,,,,,,,,,,,,,,,,,,,,,,,,,,,,,,,,,,,,,,,,,,,,,,,,,,,,,,,,,,,,,,,,,1
123,1822,7,5.932141785445385,0.7110678606746463,3.1278211059018233,,5.886415049375375,3.287557921083182,,,,,,,,,,,,3.4546188968946034,,,,,,,,,,,,,,,,,,,,,,,,,,,,7.995589208260389,,,,,,,,,,,,,,,,,,,,,,,,,,,,,,,,,,,,,,,,,,,,,,,,,,,,,,,,,,,,,,,,,,,,,,,,,,1
124,521,3,6.55393173403237,,,,5.086769071130747,0.10191042566270775,,,,,,,,,,,,,,,,,,,,,,,,,,,,,,,,,,,,,,,,,,,,,,,,,,,,,,,,,,,,,,,,,,,,,,,,,,,,,,,,,,,,,,,,,,,,,,,,,,,,,,,,,,,,,,,,,,1
125,5493,5,6.2750774038553665,4.785890025997453,4.800402645290109,,4.916003249344087,5.5037698173403635,,,,,,,,,,,,,,,,,,,,,,,,,,,,,,,,,,,,,,,,,,,,,,,,,,,,,,,,,,,,,,,,,,,,,,,,,,,,,,,,,,,,,,,,,,,,,,,,,,,,,,,,,,,,,,,,,,1
126,88,2,7.999703248667927,,,,3.9923975871787376,,,,,,,,,,,,,,,,,,,,,,,,,,,,,,,,,,,,,,,,,,,,,,,,,,,,,,,,,,,,,,,,,,,,,,,,,,,,,,,,,,,,,,,,,,,,,,,,,,,,,,,,,,,,,,,,,,,1
127,54201,17,5.555948602680367,5.509332382493353,0.04078075625387197,,3.831437497366019,,,,,,,,,,,,,5.849701834163449,,,,,0.0,,0.49786551859154754,,,,,,,,,,,,,,,,,,,,,,5.28109224969218,4.5572672830594945,6.297732872748243,5.277998165767322,5.072055227203816,5.072489051709009,4.197815395317679,5.5669328365525335,,,,,,,,,,,,,,,,,,,,,,,,,,,,,,,,,,,,,,,,,,,,,,,,,,,,,,,,,,,,,,,,,,1
128,576,5,5.750982324543356,3.9335907062104267,0.27874732431271465,,7.798544099345379,1.5677490291064384,,,,,,,,,,,,,,,,,,,,,,,,,,,,,,,,,,,,,,,,,,,,,,,,,,,,,,,,,,,,,,,,,,,,,,,,,,,,,,,,,,,,,,,,,,,,,,,,,,,,,,,,,,,,,,,,,,1
129,3013,5,6.4331003482809646,5.179763757809345,4.617802320695973,,5.442337821382325,,,0.0,,,,,,,,,,,,,,,,,,,,,,,,,,,,,,,,,,,,,,,,,,,,,,,,,,,,,,,,,,,,,,,,,,,,,,,,,,,,,,,,,,,,,,,,,,,,,,,,,,,,,,,,,,,,,,,,1
130,2632,5,6.417698236857409,5.181627099249737,4.70902740305165,,5.839649677072016,,,0.0,,,,,,,,,,,,,,,,,,,,,,,,,,,,,,,,,,,,,,,,,,,,,,,,,,,,,,,,,,,,,,,,,,,,,,,,,,,,,,,,,,,,,,,,,,,,,,,,,,,,,,,,,,,,,,,,1
131,9402,4,6.6179275539227,4.679083583240667,4.169977775913803,,3.9109754076135763,,,,,,,,,,,,,,,,,,,,,,,,,,,,,,,,,,,,,,,,,,,,,,,,,,,,,,,,,,,,,,,,,,,,,,,,,,,,,,,,,,,,,,,,,,,,,,,,,,,,,,,,,,,,,,,,,,,1
132,1059,4,7.697980485502345,,3.427614273246183,,,5.4946985151733605,,,,,,,,,,,,,,,,,,,,,,5.371036464202994,,,,,,,,,,,,,,,,,,,,,,,,,,,,,,,,,,,,,,,,,,,,,,,,,,,,,,,,,,,,,,,,,,,,,,,,,,,,,,,,,,,,,,,,,,,,1
133,1122,4,6.194416114222621,4.781205748145283,3.9576586521600507,,2.8284573359318053,,,,,,,,,,,,,,,,,,,,,,,,,,,,,,,,,,,,,,,,,,,,,,,,,,,,,,,,,,,,,,,,,,,,,,,,,,,,,,,,,,,,,,,,,,,,,,,,,,,,,,,,,,,,,,,,,,,1
134,252,3,,,,,5.244750929497321,,,,,,,,,,,,,,0.0,7.890794348365576,,,,,,,,,,,,,,,,,,,,,,,,,,,,,,,,,,,,,,,,,,,,,,,,,,,,,,,,,,,,,,,,,,,,,,,,,,,,,,,,,,,,,,,,,,,,,,,,,,,,1
135,8743,5,6.555548101442707,4.997079569481887,3.549141447962392,,5.725152228617239,,,,,,,,,,,,,,,,,,,,,,,,,,,,,,,,,,,,,,0.39414097513537405,,,,,,,,,,,,,,,,,,,,,,,,,,,,,,,,,,,,,,,,,,,,,,,,,,,,,,,,,,,,,,,,,,,,,,,,,,,,,1
136,242,3,5.505716256944929,,0.0,,1.6991508267054212,,,,,,,,,,,,,,,,,,,,,,,,,,,,,,,,,,,,,,,,,,,,,,,,,,,,,,,,,,,,,,,,,,,,,,,,,,,,,,,,,,,,,,,,,,,,,,,,,,,,,,,,,,,,,,,,,,,1
137,31327,15,6.543217793747344,5.093179867253679,0.6390244157888761,6.227742841683536,3.9989169631178276,5.195042042687423,,,,,,,,,,,,5.112039120676645,,,,,,,0.3381134103346658,,,,,,,,,,,,,,,,,,,,,,,,,,,,,,6.475858396187145,6.5044506876596095,6.3817223708883235,6.544793551864172,1.906558121088291,6.424479058870127,5.530569201085455,,,,,,,,,,,,,,,,,,,,,,,,,,,,,,,,,,,,,,,,,,,,,,,,,,,,,,,,,,,1
138,27,4,7.867929889170639,,7.550216805099465,,7.947738929392566,6.351849005092569,,,,,,,,,,,,,,,,,,,,,,,,,,,,,,,,,,,,,,,,,,,,,,,,,,,,,,,,,,,,,,,,,,,,,,,,,,,,,,,,,,,,,,,,,,,,,,,,,,,,,,,,,,,,,,,,,,1
139,1208,8,,0.190488766434666,,,4.152965571721214,0.0,,,,,,,0.0,,6.643749028594943,2.740124513017086,0.0,4.486076246232586,,,,,,,,,,,,,,,,,,,,,,,,,,,,,,,,,,,,,,,,,,,,,,,,,,,,,,,,,,,,,,,,,,,,,,,,,,,,,,,,,,,,,,,,,,,,,,,,,,,,,,1
140,1629,7,6.705908894105887,6.69557316395353,3.085614076529943,,3.755179396554712,6.725124239006204,,,,,,,,5.2800847502560835,,,,,,,,,,,,5.547115863832374,,,,,,,,,,,,,,,,,,,,,,,,,,,,,,,,,,,,,,,,,,,,,,,,,,,,,,,,,,,,,,,,,,,,,,,,,,,,,,,,,,,,,,,,,,,,,,1
141,2760,5,6.403971026647665,5.044261339836676,5.2244513108529995,,6.900244804484183,,,0.0,,,,,,,,,,,,,,,,,,,,,,,,,,,,,,,,,,,,,,,,,,,,,,,,,,,,,,,,,,,,,,,,,,,,,,,,,,,,,,,,,,,,,,,,,,,,,,,,,,,,,,,,,,,,,,,,1
142,571,2,,1.7763926607593155,,,6.227181960079751,,,,,,,,,,,,,,,,,,,,,,,,,,,,,,,,,,,,,,,,,,,,,,,,,,,,,,,,,,,,,,,,,,,,,,,,,,,,,,,,,,,,,,,,,,,,,,,,,,,,,,,,,,,,,,,,,,,1
143,466,10,,0.20544562813451883,,,7.76093914163372,0.0,,,,,,,0.0,,7.999863935316383,7.994874071805058,0.0,7.761770592025017,,,,,,,,,,,,,,,,,,,,,,,,,,,,,,,,,,,,,,,,,,,,5.342215306769758,0.0,,,,,,,,,,,,,,,,,,,,,,,,,,,,,,,,,,,,,,,,,,,,,,,,,,,,,,,,,1
144,323,2,,4.7050237483330495,,,3.320655020220687,,,,,,,,,,,,,,,,,,,,,,,,,,,,,,,,,,,,,,,,,,,,,,,,,,,,,,,,,,,,,,,,,,,,,,,,,,,,,,,,,,,,,,,,,,,,,,,,,,,,,,,,,,,,,,,,,,,1
145,11225,4,6.369646476014532,4.315765104902405,3.593650152760537,,2.0044077097351676,,,,,,,,,,,,,,,,,,,,,,,,,,,,,,,,,,,,,,,,,,,,,,,,,,,,,,,,,,,,,,,,,,,,,,,,,,,,,,,,,,,,,,,,,,,,,,,,,,,,,,,,,,,,,,,,,,,1
146,3135,9,5.910162627855458,4.942936944416959,0.8199432220270533,,4.2680231552477625,,,,,,,,0.0,,,,,4.455158160385268,,,,,0.0,,,,,,,,,,,,,,,,,,,4.274209260640075,0.2694448386073115,,,,,,,,,,,,,,,,,,,,,,,,,,,,,,,,,,,,,,,,,,,,,,,,,,,,,,,,,,,,,,,,,,,,,,,,,,,,,1
147,10082,6,6.694270808561643,5.121063891730476,3.237186720912972,,4.638904219338667,6.622969932482304,,,,,,2.0550667973769086,,,,,,,,,,,,,,,,,,,,,,,,,,,,,,,,,,,,,,,,,,,,,,,,,,,,,,,,,,,,,,,,,,,,,,,,,,,,,,,,,,,,,,,,,,,,,,,,,,,,,,,,,,,,1
148,3749,8,6.412791848617334,4.9143151672025605,4.066368350228358,6.606310677779583,7.057739234935081,5.440138538222774,,,,,,5.8725953730538984,0.1364637916558982,,,,,,,,,,,,,,,,,,,,,,,,,,,,,,,,,,,,,,,,,,,,,,,,,,,,,,,,,,,,,,,,,,,,,,,,,,,,,,,,,,,,,,,,,,,,,,,,,,,,,,,,,,,1
149,28259,4,6.583075462060142,5.284232554747816,4.601494612622745,,7.99728343257026,,,,,,,,,,,,,,,,,,,,,,,,,,,,,,,,,,,,,,,,,,,,,,,,,,,,,,,,,,,,,,,,,,,,,,,,,,,,,,,,,,,,,,,,,,,,,,,,,,,,,,,,,,,,,,,,,,,1
150,31368,6,6.258483585731537,5.0736215670282405,3.9363665809440587,5.697962700605093,1.9995206887858126,2.6036807469386463,,,,,,,,,,,,,,,,,,,,,,,,,,,,,,,,,,,,,,,,,,,,,,,,,,,,,,,,,,,,,,,,,,,,,,,,,,,,,,,,,,,,,,,,,,,,,,,,,,,,,,,,,,,,,,,,,,1
151,6974,5,6.587476686944415,7.259163504664942,5.362979117621857,,5.876060593656114,6.647303545751405,,,,,,,,,,,,,,,,,,,,,,,,,,,,,,,,,,,,,,,,,,,,,,,,,,,,,,,,,,,,,,,,,,,,,,,,,,,,,,,,,,,,,,,,,,,,,,,,,,,,,,,,,,,,,,,,,,1
152,1203,8,,0.190488766434666,,,4.589706381353194,0.0,,,,,,,0.0,,6.643749028594943,2.740124513017086,0.0,4.486076246232586,,,,,,,,,,,,,,,,,,,,,,,,,,,,,,,,,,,,,,,,,,,,,,,,,,,,,,,,,,,,,,,,,,,,,,,,,,,,,,,,,,,,,,,,,,,,,,,,,,,,,,1
153,1515,5,6.683304308625409,4.813292865717989,3.8567289439617998,,3.7870479438718285,6.344874954326839,,,,,,,,,,,,,,,,,,,,,,,,,,,,,,,,,,,,,,,,,,,,,,,,,,,,,,,,,,,,,,,,,,,,,,,,,,,,,,,,,,,,,,,,,,,,,,,,,,,,,,,,,,,,,,,,,,1
154,833,4,6.529704442450549,,2.3010404704355807,,7.999958178236551,0.0,,,,,,,,,,,,,,,,,,,,,,,,,,,,,,,,,,,,,,,,,,,,,,,,,,,,,,,,,,,,,,,,,,,,,,,,,,,,,,,,,,,,,,,,,,,,,,,,,,,,,,,,,,,,,,,,,,1
155,1004,5,6.47110609300208,5.0003960999706765,5.220595003364983,,5.960449558799386,,,0.0,,,,,,,,,,,,,,,,,,,,,,,,,,,,,,,,,,,,,,,,,,,,,,,,,,,,,,,,,,,,,,,,,,,,,,,,,,,,,,,,,,,,,,,,,,,,,,,,,,,,,,,,,,,,,,,,1
156,438,3,6.509278493648817,,0.4988229892862215,,7.999484204135949,,,,,,,,,,,,,,,,,,,,,,,,,,,,,,,,,,,,,,,,,,,,,,,,,,,,,,,,,,,,,,,,,,,,,,,,,,,,,,,,,,,,,,,,,,,,,,,,,,,,,,,,,,,,,,,,,,,1
157,5306,5,5.667731229310088,5.339874539693294,4.8530630411703015,,4.577962727113861,2.4175514646400598,,,,,,,,,,,,,,,,,,,,,,,,,,,,,,,,,,,,,,,,,,,,,,,,,,,,,,,,,,,,,,,,,,,,,,,,,,,,,,,,,,,,,,,,,,,,,,,,,,,,,,,,,,,,,,,,,,1
158,540,6,6.622430036428046,5.5213325946919705,2.1165695938867346,,4.720822661998389,6.612090632069391,,,,,,1.4160977091255333,,,,,,,,,,,,,,,,,,,,,,,,,,,,,,,,,,,,,,,,,,,,,,,,,,,,,,,,,,,,,,,,,,,,,,,,,,,,,,,,,,,,,,,,,,,,,,,,,,,,,,,,,,,,1
159,946,3,5.997197569154777,,,,3.1960387805646313,0.10191042566270775,,,,,,,,,,,,,,,,,,,,,,,,,,,,,,,,,,,,,,,,,,,,,,,,,,,,,,,,,,,,,,,,,,,,,,,,,,,,,,,,,,,,,,,,,,,,,,,,,,,,,,,,,,,,,,,,,,1
160,3391,5,6.637450416764086,6.2413863251092145,5.497903473022113,,2.590554787444293,6.535508372621365,,,,,,,,,,,,,,,,,,,,,,,,,,,,,,,,,,,,,,,,,,,,,,,,,,,,,,,,,,,,,,,,,,,,,,,,,,,,,,,,,,,,,,,,,,,,,,,,,,,,,,,,,,,,,,,,,,1
161,1656,8,6.3916466496378535,0.2044881574398449,2.2475330543602805,,4.136131137311124,,,,,,,,0.0,,,,,4.97188203376719,,,,5.741238245374144,0.0,,,,,,,,,,,,,,,,,,,,,,,,,,,,,,,,,,,,,,,,,,,,,,,,,,,,,,,,,,,,,,,,,,,,,,,,,,,,,,,,,,,,,,,,,,,,,,,,,1
162,76946,18,6.598194682090138,5.702809516049491,7.115211323898353,,3.229447136599428,5.978000564334087,,,,,,,,,,,,,,,,,,,,,,,,,,,,,,,,,,,,,,,,,,,,,,,,,5.221131856681474,,,,,5.524118224273045,,,,5.797374423111304,6.497871746036274,3.740153074626665,6.570548416908847,6.4906154600158965,6.296002981388869,5.38666057279824,6.596984355119141,6.0451424624305625,,,,,,,,,,,,,,,,,,,,,,,,,,,,,,,,,,,,,,,,,,,,,,,,1
163,5050,5,6.620173902911684,4.937916234393975,1.9791531796753277,,3.1980916307824536,,,,,,,,,,,,,,,,,,,,,,,,,,,,,,,,,,,,,,,,,,,,,,,,,,,,,,,,,,,,,,,,,,,,7.98056093114186,,,,,,,,,,,,,,,,,,,,,,,,,,,,,,,,,,,,,,,,,,,,,,,1
164,2994,4,6.514191793240707,5.392355721738774,3.835505954555312,,3.782256914423961,,,,,,,,,,,,,,,,,,,,,,,,,,,,,,,,,,,,,,,,,,,,,,,,,,,,,,,,,,,,,,,,,,,,,,,,,,,,,,,,,,,,,,,,,,,,,,,,,,,,,,,,,,,,,,,,,,,1
165,3660,3,7.7910851594734725,,,,4.153277153012118,0.10191042566270775,,,,,,,,,,,,,,,,,,,,,,,,,,,,,,,,,,,,,,,,,,,,,,,,,,,,,,,,,,,,,,,,,,,,,,,,,,,,,,,,,,,,,,,,,,,,,,,,,,,,,,,,,,,,,,,,,,1
166,3639,9,,0.15517757530476972,,,7.292108293578321,6.615275653109607,,,,,,,0.0,,6.418079481974526,4.518102249056274,,5.129744443024432,,,,,,,1.6704583949933212,,,,,,,,,,,,,,,,,,,,,,,,,,,,,,,,,,,,,,,,,,,,,,,,,5.081900474119728,,,,,,,,,,,,,,,,,,,,,,,,,,,,,,,,,,,,,,,,,,,,,,1
167,1594,8,6.3752135040515485,0.2044881574398449,2.2967209087898324,,4.145837041080823,,,,,,,,0.0,,,,,4.597812557707959,,,,5.732200666157372,0.0,,,,,,,,,,,,,,,,,,,,,,,,,,,,,,,,,,,,,,,,,,,,,,,,,,,,,,,,,,,,,,,,,,,,,,,,,,,,,,,,,,,,,,,,,,,,,,,,,1
168,6109,4,6.7093958205834845,5.094206571155269,3.5896395566987698,,4.6338833129292185,,,,,,,,,,,,,,,,,,,,,,,,,,,,,,,,,,,,,,,,,,,,,,,,,,,,,,,,,,,,,,,,,,,,,,,,,,,,,,,,,,,,,,,,,,,,,,,,,,,,,,,,,,,,,,,,,,,1
169,441,3,5.036478116128004,,,,5.196031387459289,0.10191042566270775,,,,,,,,,,,,,,,,,,,,,,,,,,,,,,,,,,,,,,,,,,,,,,,,,,,,,,,,,,,,,,,,,,,,,,,,,,,,,,,,,,,,,,,,,,,,,,,,,,,,,,,,,,,,,,,,,,1
170,725,3,6.587543567673141,,4.184278831627629,,7.99775305033547,,,,,,,,,,,,,,,,,,,,,,,,,,,,,,,,,,,,,,,,,,,,,,,,,,,,,,,,,,,,,,,,,,,,,,,,,,,,,,,,,,,,,,,,,,,,,,,,,,,,,,,,,,,,,,,,,,,1
171,3081,5,6.603969147561655,5.060321628488195,1.5855381809458742,,4.907047331645249,,,,,,,,,,,,,,,,,,,,,,,,,,,,,,,,,,,,,,,,,,,,,,,,,,,,,,,,,,,,,,,,,,,,7.943148677138743,,,,,,,,,,,,,,,,,,,,,,,,,,,,,,,,,,,,,,,,,,,,,,,1
172,1695,8,6.3752135040515485,0.2044881574398449,2.2967209087898324,,6.491666748548168,,,,,,,,0.0,,,,,4.597812557707959,,,,5.732200666157372,0.0,,,,,,,,,,,,,,,,,,,,,,,,,,,,,,,,,,,,,,,,,,,,,,,,,,,,,,,,,,,,,,,,,,,,,,,,,,,,,,,,,,,,,,,,,,,,,,,,,1
173,4668,9,4.259467528796548,2.0123823935170493,0.3443024675255742,,2.1404317318466357,4.935009521039363,,,,,,0.2147325177871819,,,,,,4.816575722420371,,,,,,,,,,,,0.06116285224115448,,,,,,,,,,,,,,,,,,,,,,,,,,,,,,,,,,,,,,,,,,,,,0.0,,,,,,,,,,,,,,,,,,,,,,,,,,,,,,,,,,,,,,,,,,,,,1
174,375,2,,1.7717239898109498,,,3.641689204874528,,,,,,,,,,,,,,,,,,,,,,,,,,,,,,,,,,,,,,,,,,,,,,,,,,,,,,,,,,,,,,,,,,,,,,,,,,,,,,,,,,,,,,,,,,,,,,,,,,,,,,,,,,,,,,,,,,,1
175,366957,5,2.325111248238937,0.0,0.0,,0.0,0.0,,,,,,,,,,,,,,,,,,,,,,,,,,,,,,,,,,,,,,,,,,,,,,,,,,,,,,,,,,,,,,,,,,,,,,,,,,,,,,,,,,,,,,,,,,,,,,,,,,,,,,,,,,,,,,,,,,1
176,37116,5,5.977516544578224,4.111098657079616,4.631379100744167,,3.6030950024982116,,,,,,,,,,,,,5.123165918815432,,,,,,,,,,,,,,,,,,,,,,,,,,,,,,,,,,,,,,,,,,,,,,,,,,,,,,,,,,,,,,,,,,,,,,,,,,,,,,,,,,,,,,,,,,,,,,,,,,,,,,1
177,628,3,3.5664867926557267,,,,4.2255974506837966,0.10191042566270775,,,,,,,,,,,,,,,,,,,,,,,,,,,,,,,,,,,,,,,,,,,,,,,,,,,,,,,,,,,,,,,,,,,,,,,,,,,,,,,,,,,,,,,,,,,,,,,,,,,,,,,,,,,,,,,,,,1
178,524,5,5.631753660434041,7.439672060886846,4.096780040401653,,4.768131151703051,5.990452129644046,,,,,,,,,,,,,,,,,,,,,,,,,,,,,,,,,,,,,,,,,,,,,,,,,,,,,,,,,,,,,,,,,,,,,,,,,,,,,,,,,,,,,,,,,,,,,,,,,,,,,,,,,,,,,,,,,,1
179,469,7,5.548561704795327,4.257038603270803,4.349056478829673,,2.8899047561032267,6.181903979894166,,,,,,,,,,,,5.1951147706403615,,,,,,,,,,,,,,,,,,,,,,,,,,,,,,,,,,,,,,,,,,,,,,,,,,,,,,,,,0.0,,,,,,,,,,,,,,,,,,,,,,,,,,,,,,,,,,,,,,,,,,,,,1
180,3675,5,6.509769735651127,4.326138563446606,4.322256862253301,,3.986166743458008,,,,,,,,,,,,,5.598437752103289,,,,,,,,,,,,,,,,,,,,,,,,,,,,,,,,,,,,,,,,,,,,,,,,,,,,,,,,,,,,,,,,,,,,,,,,,,,,,,,,,,,,,,,,,,,,,,,,,,,,,,1
181,1167,7,6.086644112834029,5.267592418117011,3.195608135326444,4.666669320472266,2.5273918504807127,5.411294181691864,,,,,,0.08153941234324169,,,,,,,,,,,,,,,,,,,,,,,,,,,,,,,,,,,,,,,,,,,,,,,,,,,,,,,,,,,,,,,,,,,,,,,,,,,,,,,,,,,,,,,,,,,,,,,,,,,,,,,,,,,,1
182,1464,8,,0.2044881574398449,,,4.582100287180907,0.0,,,,,,,0.0,,6.631747641055028,2.7547169534996403,0.0,4.430733069799036,,,,,,,,,,,,,,,,,,,,,,,,,,,,,,,,,,,,,,,,,,,,,,,,,,,,,,,,,,,,,,,,,,,,,,,,,,,,,,,,,,,,,,,,,,,,,,,,,,,,,,1
183,2611,5,6.4331003482809646,5.179763757809345,4.617802320695973,,5.874847222348677,,,0.0,,,,,,,,,,,,,,,,,,,,,,,,,,,,,,,,,,,,,,,,,,,,,,,,,,,,,,,,,,,,,,,,,,,,,,,,,,,,,,,,,,,,,,,,,,,,,,,,,,,,,,,,,,,,,,,,1
184,4024,5,6.416222666400958,5.143831732151552,4.004402321344153,,7.307001375931311,,,0.0,,,,,,,,,,,,,,,,,,,,,,,,,,,,,,,,,,,,,,,,,,,,,,,,,,,,,,,,,,,,,,,,,,,,,,,,,,,,,,,,,,,,,,,,,,,,,,,,,,,,,,,,,,,,,,,,1
185,4900,3,5.395611897279003,,,,0.7546143733020036,0.012638662471219527,,,,,,,,,,,,,,,,,,,,,,,,,,,,,,,,,,,,,,,,,,,,,,,,,,,,,,,,,,,,,,,,,,,,,,,,,,,,,,,,,,,,,,,,,,,,,,,,,,,,,,,,,,,,,,,,,,1
186,276,9,,,,,5.112623549532036,,,,,,,,,,,,,,,,,,,,,,,,,,,,,,,,,,,,,,,,,,,,,,,,,,,,,,,,,,,,,,,,,,,,,,,7.998715583664514,7.797736231992645,7.973378233038509,7.837667352210386,6.393569669657398,5.468480729294339,7.177753462050051,7.573187900128112,,,,,,,,,,,,,,,,,,,,,,,,,,,,,,,,,,,,,1
187,6123,5,6.60822715389085,4.383775518811042,1.3793356235333818,,3.327517119893625,,,,,,,,,,,,,,,,,,,,,,,,,,,,,,,,,,,,,,,,,,,,,,,,,,,,,,,,,,,,,,,,,,,,,,,,,,,,,,,0.020393135236084953,,,,,,,,,,,,,,,,,,,,,,,,,,,,,,,,,,,,1
188,2038,3,5.437361379674485,,,,3.9747750291281756,0.08153941234324169,,,,,,,,,,,,,,,,,,,,,,,,,,,,,,,,,,,,,,,,,,,,,,,,,,,,,,,,,,,,,,,,,,,,,,,,,,,,,,,,,,,,,,,,,,,,,,,,,,,,,,,,,,,,,,,,,,1
189,0,0,,,,,,,,,,,,,,,,,,,,,,,,,,,,,,,,,,,,,,,,,,,,,,,,,,,,,,,,,,,,,,,,,,,,,,,,,,,,,,,,,,,,,,,,,,,,,,,,,,,,,,,,,,,,,,,,,,,,,,,,1
190,2558,5,6.417698236857409,5.181627099249737,4.70902740305165,,2.507484648651688,,,0.0,,,,,,,,,,,,,,,,,,,,,,,,,,,,,,,,,,,,,,,,,,,,,,,,,,,,,,,,,,,,,,,,,,,,,,,,,,,,,,,,,,,,,,,,,,,,,,,,,,,,,,,,,,,,,,,,1
191,30,3,,,,,3.72642887343676,,,,,,,,,,,,,,0.0,7.9995068591986405,,,,,,,,,,,,,,,,,,,,,,,,,,,,,,,,,,,,,,,,,,,,,,,,,,,,,,,,,,,,,,,,,,,,,,,,,,,,,,,,,,,,,,,,,,,,,,,,,,,,1
192,567,3,5.995255042604322,,,,3.1960387805646313,0.10191042566270775,,,,,,,,,,,,,,,,,,,,,,,,,,,,,,,,,,,,,,,,,,,,,,,,,,,,,,,,,,,,,,,,,,,,,,,,,,,,,,,,,,,,,,,,,,,,,,,,,,,,,,,,,,,,,,,,,,1
193,6109,4,6.7093958205834845,5.094206571155269,3.5896395566987698,,4.6338833129292185,,,,,,,,,,,,,,,,,,,,,,,,,,,,,,,,,,,,,,,,,,,,,,,,,,,,,,,,,,,,,,,,,,,,,,,,,,,,,,,,,,,,,,,,,,,,,,,,,,,,,,,,,,,,,,,,,,,1
194,1107,6,6.422478760068495,5.017675727461697,2.6636926051993224,5.017152010929677,7.9983068576329375,5.065020541732556,,,,,,,,,,,,,,,,,,,,,,,,,,,,,,,,,,,,,,,,,,,,,,,,,,,,,,,,,,,,,,,,,,,,,,,,,,,,,,,,,,,,,,,,,,,,,,,,,,,,,,,,,,,,,,,,,,1
195,939,3,5.418727118641011,,,,2.3585551950931545,0.08153941234324169,,,,,,,,,,,,,,,,,,,,,,,,,,,,,,,,,,,,,,,,,,,,,,,,,,,,,,,,,,,,,,,,,,,,,,,,,,,,,,,,,,,,,,,,,,,,,,,,,,,,,,,,,,,,,,,,,,1
196,41023,8,6.65760100894623,5.701852373410267,3.559216188031154,,6.857574911612144,6.705562871815848,,,,,,2.648238060007893,0.0,,,,,,,,,,,,,,,,,,,,,,,,,,,,,,,,,,,,,,,,,,,,,,,,,,,,,,,,,,,,,,,,,,,,,,,,0.0,,,,,,,,,,,,,,,,,,,,,,,,,,,,,,,,,,,1
197,3725,3,7.463827337801333,,,,1.4433777157064633,0.016408464515625623,,,,,,,,,,,,,,,,,,,,,,,,,,,,,,,,,,,,,,,,,,,,,,,,,,,,,,,,,,,,,,,,,,,,,,,,,,,,,,,,,,,,,,,,,,,,,,,,,,,,,,,,,,,,,,,,,,1
198,28645,8,6.6617551309807785,5.7301489789835385,2.9529372260525886,,7.457570048852715,6.6625273189164655,2.8420640846552745,,,,,,,,,,,,,,,,,,,,,,,,,,,,,,,,,,,,,,,,,,,,,,,,,,,,,,,,,,,,,,,,,,,,,,,,,,,,,,0.0,0.0,,,,,,,,,,,,,,,,,,,,,,,,,,,,,,,,,,1
199,1703,8,6.3752135040515485,0.2044881574398449,2.2967209087898324,,6.5641271610444765,,,,,,,,0.0,,,,,4.597812557707959,,,,5.732200666157372,0.0,,,,,,,,,,,,,,,,,,,,,,,,,,,,,,,,,,,,,,,,,,,,,,,,,,,,,,,,,,,,,,,,,,,,,,,,,,,,,,,,,,,,,,,,,,,,,,,,,1
200,13988,5,6.430796945433716,0.0,0.0,,0.0,0.0,,,,,,,,,,,,,,,,,,,,,,,,,,,,,,,,,,,,,,,,,,,,,,,,,,,,,,,,,,,,,,,,,,,,,,,,,,,,,,,,,,,,,,,,,,,,,,,,,,,,,,,,,,,,,,,,,,1
201,25920,5,6.285382061444255,5.829831983973887,2.856665781755852,,4.61150899567846,6.821682464543513,,,,,,,,,,,,,,,,,,,,,,,,,,,,,,,,,,,,,,,,,,,,,,,,,,,,,,,,,,,,,,,,,,,,,,,,,,,,,,,,,,,,,,,,,,,,,,,,,,,,,,,,,,,,,,,,,,1
202,6074,6,6.333237145287555,,2.4910126050792485,,,5.476742738974047,,,,,,,,,,,,,,,,,,,,,,3.0953447379923467,,,,,,,,,,,,1.0693419820583516,,,,,,,,,,,,,,,,,,,,,,,,,,,,,,,,,,,,,,,,,,,,,,,4.472615941274745,,,,,,,,,,,,,,,,,,,,,,,,,,,,,,,,,1
203,2519,5,6.422249494521571,5.23558258677739,4.963740024747551,,2.7117976029735154,,,0.0,,,,,,,,,,,,,,,,,,,,,,,,,,,,,,,,,,,,,,,,,,,,,,,,,,,,,,,,,,,,,,,,,,,,,,,,,,,,,,,,,,,,,,,,,,,,,,,,,,,,,,,,,,,,,,,,1
204,770,4,6.7588356318839065,,5.569547427869236,,,6.63352990669307,,,,,,,,,,,,,,,,,,,,,,5.7571760726814505,,,,,,,,,,,,,,,,,,,,,,,,,,,,,,,,,,,,,,,,,,,,,,,,,,,,,,,,,,,,,,,,,,,,,,,,,,,,,,,,,,,,,,,,,,,,1
205,1525,4,6.745182577433091,,4.941860337411653,,,6.329936506066787,,,,,,,,,,,,,,,,,,,,,,5.712116891351186,,,,,,,,,,,,,,,,,,,,,,,,,,,,,,,,,,,,,,,,,,,,,,,,,,,,,,,,,,,,,,,,,,,,,,,,,,,,,,,,,,,,,,,,,,,,1
206,1794,10,6.421335061802333,0.2108262677871819,4.229406711941248,,4.424797674455693,6.713267999180896,,,,,,,0.0,,,,,5.14619992767997,,,,5.975473710695966,0.0,3.602640145712211,,,,,,,,,,,,,,,,,,,,,,,,,,,,,,,,,,,,,,,,,,,,,,,,,,,,,,,,,,,,,,,,,,,,,,,,,,,,,,,,,,,,,,,,,,,,,,,,1
207,552,3,7.100097185872805,,,,4.168380347262868,0.10191042566270775,,,,,,,,,,,,,,,,,,,,,,,,,,,,,,,,,,,,,,,,,,,,,,,,,,,,,,,,,,,,,,,,,,,,,,,,,,,,,,,,,,,,,,,,,,,,,,,,,,,,,,,,,,,,,,,,,,1
208,3013,3,5.879602814973276,,,,4.021036231726178,0.016408464515625623,,,,,,,,,,,,,,,,,,,,,,,,,,,,,,,,,,,,,,,,,,,,,,,,,,,,,,,,,,,,,,,,,,,,,,,,,,,,,,,,,,,,,,,,,,,,,,,,,,,,,,,,,,,,,,,,,,1
209,8915,5,6.478439558066078,4.465852322428299,5.20959049596689,,,6.474117789013713,,,,,,0.33663902068200274,,,,,,,,,,,,,,,,,,,,,,,,,,,,,,,,,,,,,,,,,,,,,,,,,,,,,,,,,,,,,,,,,,,,,,,,,,,,,,,,,,,,,,,,,,,,,,,,,,,,,,,,,,,,1
210,947,3,7.403760731504899,,,,7.792605836464633,0.10191042566270775,,,,,,,,,,,,,,,,,,,,,,,,,,,,,,,,,,,,,,,,,,,,,,,,,,,,,,,,,,,,,,,,,,,,,,,,,,,,,,,,,,,,,,,,,,,,,,,,,,,,,,,,,,,,,,,,,,1
211,41488,7,,,,,,6.72281554765235,,,,,,,,,6.475432939978694,3.3918014144137834,,4.6545600184154265,,,,,5.449043764608233,,2.2311380999035255,,,,,,,,,,,,,,,,,,,,,,,,,,,,,4.258439419015496,,,,,,,,,,,,,,,,,,,,,,,,,,,,,,,,,,,,,,,,,,,,,,,,,,,,,,,,,,,,,,,,,,1
212,4149,7,5.97047989652774,7.129007208703906,1.4440552854436364,,5.745381676468014,,,0.0,,,,,,,,,,5.418382176050256,,,,,0.0,,,,,,,,,,,,,,,,,,,,,,,,,,,,,,,,,,,,,,,,,,,,,,,,,,,,,,,,,,,,,,,,,,,,,,,,,,,,,,,,,,,,,,,,,,,,,,,,,1
213,18455,6,5.626846034876505,5.279203939751585,3.876987945460217,,3.1683604483616374,6.3762406955519975,,,,,,,,,,,,4.659639638316407,,,,,,,,,,,,,,,,,,,,,,,,,,,,,,,,,,,,,,,,,,,,,,,,,,,,,,,,,,,,,,,,,,,,,,,,,,,,,,,,,,,,,,,,,,,,,,,,,,,,,,1
214,13584,7,6.579973270794936,6.592995424150704,4.74553872496082,,3.7073024434203523,6.613788919041903,,,,,,0.24044503450968063,0.020393135236084953,,,,,,,,,,,,,,,,,,,,,,,,,,,,,,,,,,,,,,,,,,,,,,,,,,,,,,,,,,,,,,,,,,,,,,,,,,,,,,,,,,,,,,,,,,,,,,,,,,,,,,,,,,,1
215,8870,7,6.478697170670516,4.908332048943319,7.333813765350123,6.582215664631936,5.978198604172377,5.997253000468355,,,,,,,,,,,,,,,,,,,,,,,,,,,,,,,,,,,,,,,,,,,,,,,,,,,,,,,,,,,,,,,,,,,,,,,,,,,,,,,,,,5.97933530286905,,,,,,,,,,,,,,,,,,,,,,,,,,,,,,,,1
216,2348,9,6.500943800379573,1.6828641842078467,0.022346260236084957,,3.9701382295303707,,,,,,,,,,,,,,,,,,,,,,,,,,,,,,,,,,,,,,,,,,,,,,,,,,,,,,,,,,,,,,,,,,,,,,,,,,,,,,,,,,,,5.862920773102159,0.0,,,,,,,,,,,,,,,,,,,,,,,,,,,,,,1
217,176842,6,6.277512285633641,,4.931104248399516,,3.5081549492473036,6.713142370856692,,,,,,,,,,,,5.299450800132033,,,,,,,,,,,,,,,,,,,,,,,,,,,,,,,,,,,,,,,,,,,,,,,,,,,,,,,,,,,,,,,,,,,,,,,,,2.648642057955889,,,,,,,,,,,,,,,,,,,,,,,,,,,,,1
218,3009,5,6.594490013616881,5.792787112893802,4.29039298544103,,2.9530381594875994,6.550517538005154,,,,,,,,,,,,,,,,,,,,,,,,,,,,,,,,,,,,,,,,,,,,,,,,,,,,,,,,,,,,,,,,,,,,,,,,,,,,,,,,,,,,,,,,,,,,,,,,,,,,,,,,,,,,,,,,,,1
219,6109,4,6.7093958205834845,5.094206571155269,3.5896395566987698,,4.6338833129292185,,,,,,,,,,,,,,,,,,,,,,,,,,,,,,,,,,,,,,,,,,,,,,,,,,,,,,,,,,,,,,,,,,,,,,,,,,,,,,,,,,,,,,,,,,,,,,,,,,,,,,,,,,,,,,,,,,,1
220,1875,4,6.62354891818371,,3.665911221435521,,,5.586665743001303,,,,,,,,,,,,,,,,,,,,,,6.021153650260262,,,,,,,,,,,,,,,,,,,,,,,,,,,,,,,,,,,,,,,,,,,,,,,,,,,,,,,,,,,,,,,,,,,,,,,,,,,,,,,,,,,,,,,,,,,,1
221,2967,6,6.508529563136936,4.390535020989255,1.4308602597540492,,4.955137235886907,6.7549864025217445,,0.0,,,,,,,,,,,,,,,,,,,,,,,,,,,,,,,,,,,,,,,,,,,,,,,,,,,,,,,,,,,,,,,,,,,,,,,,,,,,,,,,,,,,,,,,,,,,,,,,,,,,,,,,,,,,,,,,1
222,26150,4,6.629777736269442,5.116818839757789,3.5657920281658586,,6.56892167858649,,,,,,,,,,,,,,,,,,,,,,,,,,,,,,,,,,,,,,,,,,,,,,,,,,,,,,,,,,,,,,,,,,,,,,,,,,,,,,,,,,,,,,,,,,,,,,,,,,,,,,,,,,,,,,,,,,,1
223,772,3,6.5790953098885225,,,,3.645520660158405,0.10191042566270775,,,,,,,,,,,,,,,,,,,,,,,,,,,,,,,,,,,,,,,,,,,,,,,,,,,,,,,,,,,,,,,,,,,,,,,,,,,,,,,,,,,,,,,,,,,,,,,,,,,,,,,,,,,,,,,,,,1
224,1117,3,3.1361826988853436,,,,4.331964248967999,7.5044506706984055,,,,,,,,,,,,,,,,,,,,,,,,,,,,,,,,,,,,,,,,,,,,,,,,,,,,,,,,,,,,,,,,,,,,,,,,,,,,,,,,,,,,,,,,,,,,,,,,,,,,,,,,,,,,,,,,,,1
225,10642,6,6.658540626623984,5.2410500129512165,2.195698369521404,,7.997097997163499,6.532716948646211,,,,,,1.3716578723418933,,,,,,,,,,,,,,,,,,,,,,,,,,,,,,,,,,,,,,,,,,,,,,,,,,,,,,,,,,,,,,,,,,,,,,,,,,,,,,,,,,,,,,,,,,,,,,,,,,,,,,,,,,,,1
226,4173,6,6.626014546813489,6.624709392799407,0.7757526714445364,,3.0533794617866135,5.101947879180238,,,,,,0.10191042566270775,,,,,,,,,,,,,,,,,,,,,,,,,,,,,,,,,,,,,,,,,,,,,,,,,,,,,,,,,,,,,,,,,,,,,,,,,,,,,,,,,,,,,,,,,,,,,,,,,,,,,,,,,,,,1
227,1265140,9,5.517029794870478,3.9219676639660443,3.721731988855498,,3.680064813849177,,,,,,,,,,,,,3.2830073625567415,,,,,0.0,,,,,,,,,,,,,,,,,,,,3.009801453240101,,,,,,,,,,,,,,,,,,,,,,,,,,,,,,,,,,,,,,,,,,,,,,,,,3.7634552436779534,5.165140577329202,,,,,,,,,,,,,,,,,,,,,,,,,,,1
228,6109,4,6.7093958205834845,5.094206571155269,3.5896395566987698,,4.6338833129292185,,,,,,,,,,,,,,,,,,,,,,,,,,,,,,,,,,,,,,,,,,,,,,,,,,,,,,,,,,,,,,,,,,,,,,,,,,,,,,,,,,,,,,,,,,,,,,,,,,,,,,,,,,,,,,,,,,,1
229,840,3,6.452565683029298,,1.6686846908963902,,4.21937933088175,,,,,,,,,,,,,,,,,,,,,,,,,,,,,,,,,,,,,,,,,,,,,,,,,,,,,,,,,,,,,,,,,,,,,,,,,,,,,,,,,,,,,,,,,,,,,,,,,,,,,,,,,,,,,,,,,,,1
230,19,3,5.189174542278321,,0.0,,3.5709198030487954,,,,,,,,,,,,,,,,,,,,,,,,,,,,,,,,,,,,,,,,,,,,,,,,,,,,,,,,,,,,,,,,,,,,,,,,,,,,,,,,,,,,,,,,,,,,,,,,,,,,,,,,,,,,,,,,,,,1
231,15961,5,6.583822018644597,6.61076341633065,3.851515490421939,,4.6710154459917925,6.204752986943022,,,,,,,,,,,,,,,,,,,,,,,,,,,,,,,,,,,,,,,,,,,,,,,,,,,,,,,,,,,,,,,,,,,,,,,,,,,,,,,,,,,,,,,,,,,,,,,,,,,,,,,,,,,,,,,,,,1
232,5617,4,6.633919498294116,4.851315199461752,3.918111884286896,,5.578686793079883,,,,,,,,,,,,,,,,,,,,,,,,,,,,,,,,,,,,,,,,,,,,,,,,,,,,,,,,,,,,,,,,,,,,,,,,,,,,,,,,,,,,,,,,,,,,,,,,,,,,,,,,,,,,,,,,,,,1
233,1649,8,,0.2044881574398449,,,2.3603349279821053,0.0,,,,,,,0.0,,6.631603395825714,2.7547169534996403,0.0,4.430733069799036,,,,,,,,,,,,,,,,,,,,,,,,,,,,,,,,,,,,,,,,,,,,,,,,,,,,,,,,,,,,,,,,,,,,,,,,,,,,,,,,,,,,,,,,,,,,,,,,,,,,,,1
234,7985,4,6.24233230676067,4.563933855841103,4.797829376133113,,5.174530425173039,,,,,,,,,,,,,,,,,,,,,,,,,,,,,,,,,,,,,,,,,,,,,,,,,,,,,,,,,,,,,,,,,,,,,,,,,,,,,,,,,,,,,,,,,,,,,,,,,,,,,,,,,,,,,,,,,,,1
235,1628,3,4.457531269313721,,,,3.3556613470584966,0.10191042566270775,,,,,,,,,,,,,,,,,,,,,,,,,,,,,,,,,,,,,,,,,,,,,,,,,,,,,,,,,,,,,,,,,,,,,,,,,,,,,,,,,,,,,,,,,,,,,,,,,,,,,,,,,,,,,,,,,,1
236,3195,4,6.704371865298692,0.0,0.0,,,0.0,,,,,,,,,,,,,,,,,,,,,,,,,,,,,,,,,,,,,,,,,,,,,,,,,,,,,,,,,,,,,,,,,,,,,,,,,,,,,,,,,,,,,,,,,,,,,,,,,,,,,,,,,,,,,,,,,,1
237,4158,5,6.571092010566066,5.256973721312996,2.5246642319472206,,5.348522769414196,,,,,,,,,,,,,,,,,,,,,,,,,,,,,,,,,,,,,,,,,,,,,,,,,,,,,,,,,,,,,,,,,,,,,,,,,,,,,,,,,,,,,,,,,6.552639619757782,,,,,,,,,,,,,,,,,,,,,,,,,,1
238,31562,5,6.618844435571208,5.9596072113151655,5.37999086163805,,7.989544080057995,6.598088285667553,,,,,,,,,,,,,,,,,,,,,,,,,,,,,,,,,,,,,,,,,,,,,,,,,,,,,,,,,,,,,,,,,,,,,,,,,,,,,,,,,,,,,,,,,,,,,,,,,,,,,,,,,,,,,,,,,,1
239,6592,7,6.467252620583337,4.657782003306025,4.00580814283161,,4.479655349160475,6.577358637095428,,,,,,2.5328026327128965,0.020393135236084953,,,,,,,,,,,,,,,,,,,,,,,,,,,,,,,,,,,,,,,,,,,,,,,,,,,,,,,,,,,,,,,,,,,,,,,,,,,,,,,,,,,,,,,,,,,,,,,,,,,,,,,,,,,1
240,1125,9,,0.2005819074398449,,,4.959645420134397,6.624977975196512,,,,,,,0.0,,6.499874456190859,3.668206372296162,0.0,4.765381398446723,,,,,,,0.7504538007363576,,,,,,,,,,,,,,,,,,,,,,,,,,,,,,,,,,,,,,,,,,,,,,,,,,,,,,,,,,,,,,,,,,,,,,,,,,,,,,,,,,,,,,,,,,,,,,,1
241,337,3,,,,,7.39762784461143,,,,,,,,,,,,,,0.0,7.89255762241578,,,,,,,,,,,,,,,,,,,,,,,,,,,,,,,,,,,,,,,,,,,,,,,,,,,,,,,,,,,,,,,,,,,,,,,,,,,,,,,,,,,,,,,,,,,,,,,,,,,,1
242,27759,13,0.0,6.0197933063297695,0.0,7.982779740454487,6.020260761183762,0.0,,,,,,,0.0,0.0,,,,,,,,,,,,0.0,,,,,,4.796716496098952,,,,,,,,,,,,,,,,,,,,,,,,,,,,,,,0.0,,,,,,,,,,,,,,,,,,,,,,,,,,,,,,,,6.493854154260042,6.540031127828089,,,,,,,,,,,,,,,,,,,,,,,,1
243,4165,5,6.660110515141212,5.36434722386218,0.021809964859069886,,5.3834759668644585,4.044923491552786,,,,,,,,,,,,,,,,,,,,,,,,,,,,,,,,,,,,,,,,,,,,,,,,,,,,,,,,,,,,,,,,,,,,,,,,,,,,,,,,,,,,,,,,,,,,,,,,,,,,,,,,,,,,,,,,,,1
244,31,5,6.518254815745276,0.0,0.0,,0.0,0.0,,,,,,,,,,,,,,,,,,,,,,,,,,,,,,,,,,,,,,,,,,,,,,,,,,,,,,,,,,,,,,,,,,,,,,,,,,,,,,,,,,,,,,,,,,,,,,,,,,,,,,,,,,,,,,,,,,1
245,844,3,5.243257237993921,,,,2.174729779764463,0.08153941234324169,,,,,,,,,,,,,,,,,,,,,,,,,,,,,,,,,,,,,,,,,,,,,,,,,,,,,,,,,,,,,,,,,,,,,,,,,,,,,,,,,,,,,,,,,,,,,,,,,,,,,,,,,,,,,,,,,,1
246,1058,6,5.777264807262994,4.777442923788588,4.671189901765938,4.93916608173315,3.39118804330785,5.828258664317601,,,,,,,,,,,,,,,,,,,,,,,,,,,,,,,,,,,,,,,,,,,,,,,,,,,,,,,,,,,,,,,,,,,,,,,,,,,,,,,,,,,,,,,,,,,,,,,,,,,,,,,,,,,,,,,,,,1
247,25305,5,6.385728859816069,5.721538063463749,4.477242110580168,,3.8519167141323645,4.505490205498727,,,,,,,,,,,,,,,,,,,,,,,,,,,,,,,,,,,,,,,,,,,,,,,,,,,,,,,,,,,,,,,,,,,,,,,,,,,,,,,,,,,,,,,,,,,,,,,,,,,,,,,,,,,,,,,,,,1
248,6109,4,6.7093958205834845,5.094206571155269,3.5896395566987698,,4.6338833129292185,,,,,,,,,,,,,,,,,,,,,,,,,,,,,,,,,,,,,,,,,,,,,,,,,,,,,,,,,,,,,,,,,,,,,,,,,,,,,,,,,,,,,,,,,,,,,,,,,,,,,,,,,,,,,,,,,,,1
249,78,3,,,,,5.379412189812954,,,,,,,,,,,,,,0.0,7.79566808552434,,,,,,,,,,,,,,,,,,,,,,,,,,,,,,,,,,,,,,,,,,,,,,,,,,,,,,,,,,,,,,,,,,,,,,,,,,,,,,,,,,,,,,,,,,,,,,,,,,,,1
250,8299,6,6.3720534136913445,5.7695744141519425,3.883822647353474,,3.6994583538881356,6.649192952251675,,,,,,0.33663902068200274,,,,,,,,,,,,,,,,,,,,,,,,,,,,,,,,,,,,,,,,,,,,,,,,,,,,,,,,,,,,,,,,,,,,,,,,,,,,,,,,,,,,,,,,,,,,,,,,,,,,,,,,,,,,1
251,15278,13,6.463672949761141,4.615931611418496,3.910282282915277,,4.6271541021015326,,,,,,,,,,,,,,,,,,,,,,,,,,,,,,,,,,,,,,,,,,,,,,,,,,,,,,,,,,,,,,,,,,,,,,,,,,,,,,,,,,,,,,,,,,,,6.278232041512297,4.991268165266979,3.6806916440038684,0.5934335052281436,0.0,6.4026604846048905,,,,,,,,,,,,,,,,,,1
252,314,3,,,,,2.7350612666588243,,,,,,,,,,,,,,0.0,7.9002970358916516,,,,,,,,,,,,,,,,,,,,,,,,,,,,,,,,,,,,,,,,,,,,,,,,,,,,,,,,,,,,,,,,,,,,,,,,,,,,,,,,,,,,,,,,,,,,,,,,,,,,1
253,4942,5,6.500163372016007,4.5433364399995595,2.025533161999731,,7.99743914039934,,,0.0,,,,,,,,,,,,,,,,,,,,,,,,,,,,,,,,,,,,,,,,,,,,,,,,,,,,,,,,,,,,,,,,,,,,,,,,,,,,,,,,,,,,,,,,,,,,,,,,,,,,,,,,,,,,,,,,1
254,644,3,6.565016114356469,,4.247999525438142,,7.969122674759739,,,,,,,,,,,,,,,,,,,,,,,,,,,,,,,,,,,,,,,,,,,,,,,,,,,,,,,,,,,,,,,,,,,,,,,,,,,,,,,,,,,,,,,,,,,,,,,,,,,,,,,,,,,,,,,,,,,1
255,102,1,,,,,4.6556394736721245,,,,,,,,,,,,,,,,,,,,,,,,,,,,,,,,,,,,,,,,,,,,,,,,,,,,,,,,,,,,,,,,,,,,,,,,,,,,,,,,,,,,,,,,,,,,,,,,,,,,,,,,,,,,,,,,,,,1
256,469,2,1.0035256270952857,,,,7.998053391407862,,,,,,,,,,,,,,,,,,,,,,,,,,,,,,,,,,,,,,,,,,,,,,,,,,,,,,,,,,,,,,,,,,,,,,,,,,,,,,,,,,,,,,,,,,,,,,,,,,,,,,,,,,,,,,,,,,,1
257,1826,8,6.3752135040515485,0.2044881574398449,2.2967209087898324,,5.1642310418147535,,,,,,,,0.0,,,,,4.597812557707959,,,,5.732200666157372,0.0,,,,,,,,,,,,,,,,,,,,,,,,,,,,,,,,,,,,,,,,,,,,,,,,,,,,,,,,,,,,,,,,,,,,,,,,,,,,,,,,,,,,,,,,,,,,,,,,,1
258,2957,4,6.664832236973223,4.82745161324907,3.5929963522871975,,4.555996130075577,,,,,,,,,,,,,,,,,,,,,,,,,,,,,,,,,,,,,,,,,,,,,,,,,,,,,,,,,,,,,,,,,,,,,,,,,,,,,,,,,,,,,,,,,,,,,,,,,,,,,,,,,,,,,,,,,,,1
259,6109,4,6.7093958205834845,5.094206571155269,3.5896395566987698,,4.6338833129292185,,,,,,,,,,,,,,,,,,,,,,,,,,,,,,,,,,,,,,,,,,,,,,,,,,,,,,,,,,,,,,,,,,,,,,,,,,,,,,,,,,,,,,,,,,,,,,,,,,,,,,,,,,,,,,,,,,,1
260,791,4,6.84263355692476,,5.064985513180426,,,6.3900666801598645,,,,,,,,,,,,,,,,,,,,,,5.855871109106824,,,,,,,,,,,,,,,,,,,,,,,,,,,,,,,,,,,,,,,,,,,,,,,,,,,,,,,,,,,,,,,,,,,,,,,,,,,,,,,,,,,,,,,,,,,,1
261,8692,5,6.776831030946429,6.7683680378414115,2.593634546654832,,1.047826247849168,5.943618097960312,,,,,,,,,,,,,,,,,,,,,,,,,,,,,,,,,,,,,,,,,,,,,,,,,,,,,,,,,,,,,,,,,,,,,,,,,,,,,,,,,,,,,,,,,,,,,,,,,,,,,,,,,,,,,,,,,,1
262,9932,8,6.397762514036342,5.375650704048197,3.1227680471555046,6.036059836883399,3.3252273088693425,5.386797354875722,,,,,,0.2240194074398449,0.020393135236084953,,,,,,,,,,,,,,,,,,,,,,,,,,,,,,,,,,,,,,,,,,,,,,,,,,,,,,,,,,,,,,,,,,,,,,,,,,,,,,,,,,,,,,,,,,,,,,,,,,,,,,,,,,,1
263,5167,5,6.227314492799628,6.100015971578511,4.260618294741185,,3.7329424547856567,6.535466795097226,,,,,,,,,,,,,,,,,,,,,,,,,,,,,,,,,,,,,,,,,,,,,,,,,,,,,,,,,,,,,,,,,,,,,,,,,,,,,,,,,,,,,,,,,,,,,,,,,,,,,,,,,,,,,,,,,,1
264,5233,4,5.38624023547962,2.9929344858353133,1.6617623396195966,,3.3426744313916963,,,,,,,,,,,,,,,,,,,,,,,,,,,,,,,,,,,,,,,,,,,,,,,,,,,,,,,,,,,,,,,,,,,,,,,,,,,,,,,,,,,,,,,,,,,,,,,,,,,,,,,,,,,,,,,,,,,1
265,2242,5,5.857400018174187,5.202614701014402,0.36871216652472194,,,,,,,,,,,,,,,4.8267761422044995,,,,,0.0,,,,,,,,,,,,,,,,,,,,,,,,,,,,,,,,,,,,,,,,,,,,,,,,,,,,,,,,,,,,,,,,,,,,,,,,,,,,,,,,,,,,,,,,,,,,,,,,,1
266,2374,3,5.896557873157899,,0.0,,1.9377236183962965,,,,,,,,,,,,,,,,,,,,,,,,,,,,,,,,,,,,,,,,,,,,,,,,,,,,,,,,,,,,,,,,,,,,,,,,,,,,,,,,,,,,,,,,,,,,,,,,,,,,,,,,,,,,,,,,,,,1
267,2404,4,5.507517546734407,,0.0,,3.2438382586434766,5.798460282880892,,,,,,,,,,,,,,,,,,,,,,,,,,,,,,,,,,,,,,,,,,,,,,,,,,,,,,,,,,,,,,,,,,,,,,,,,,,,,,,,,,,,,,,,,,,,,,,,,,,,,,,,,,,,,,,,,,1
268,2287,3,5.101866107961049,,0.0,,4.862634105668209,,,,,,,,,,,,,,,,,,,,,,,,,,,,,,,,,,,,,,,,,,,,,,,,,,,,,,,,,,,,,,,,,,,,,,,,,,,,,,,,,,,,,,,,,,,,,,,,,,,,,,,,,,,,,,,,,,,1
269,975,3,7.864718257705006,,,,6.303719126413962,0.10191042566270775,,,,,,,,,,,,,,,,,,,,,,,,,,,,,,,,,,,,,,,,,,,,,,,,,,,,,,,,,,,,,,,,,,,,,,,,,,,,,,,,,,,,,,,,,,,,,,,,,,,,,,,,,,,,,,,,,,1
270,1443,4,6.664503649185353,,3.6841405145996977,,,5.573596317154024,,,,,,,,,,,,,,,,,,,,,,5.611544343611923,,,,,,,,,,,,,,,,,,,,,,,,,,,,,,,,,,,,,,,,,,,,,,,,,,,,,,,,,,,,,,,,,,,,,,,,,,,,,,,,,,,,,,,,,,,,1
271,321,2,,1.011614903364966,,,3.377204562446826,,,,,,,,,,,,,,,,,,,,,,,,,,,,,,,,,,,,,,,,,,,,,,,,,,,,,,,,,,,,,,,,,,,,,,,,,,,,,,,,,,,,,,,,,,,,,,,,,,,,,,,,,,,,,,,,,,,1
272,90,3,,,,,3.8101040149278984,,,,,,,,,,,,,,0.0,7.927625596694211,,,,,,,,,,,,,,,,,,,,,,,,,,,,,,,,,,,,,,,,,,,,,,,,,,,,,,,,,,,,,,,,,,,,,,,,,,,,,,,,,,,,,,,,,,,,,,,,,,,,1
273,808,3,6.080176115387804,,,,2.4485233032158176,0.10191042566270775,,,,,,,,,,,,,,,,,,,,,,,,,,,,,,,,,,,,,,,,,,,,,,,,,,,,,,,,,,,,,,,,,,,,,,,,,,,,,,,,,,,,,,,,,,,,,,,,,,,,,,,,,,,,,,,,,,1
274,4410,8,6.049967961210895,5.439856590216879,3.995536349604432,6.35163335732621,3.0443528817195697,5.433849782700809,,,,,,0.33273277068200274,0.020393135236084953,,,,,,,,,,,,,,,,,,,,,,,,,,,,,,,,,,,,,,,,,,,,,,,,,,,,,,,,,,,,,,,,,,,,,,,,,,,,,,,,,,,,,,,,,,,,,,,,,,,,,,,,,,,1
275,777,3,5.922907659717436,,,,2.6926724807504647,0.10191042566270775,,,,,,,,,,,,,,,,,,,,,,,,,,,,,,,,,,,,,,,,,,,,,,,,,,,,,,,,,,,,,,,,,,,,,,,,,,,,,,,,,,,,,,,,,,,,,,,,,,,,,,,,,,,,,,,,,,1
276,411,3,4.496498452927621,,0.0,,3.2084681136495283,,,,,,,,,,,,,,,,,,,,,,,,,,,,,,,,,,,,,,,,,,,,,,,,,,,,,,,,,,,,,,,,,,,,,,,,,,,,,,,,,,,,,,,,,,,,,,,,,,,,,,,,,,,,,,,,,,,1
277,8360,5,6.604627216072039,6.085759176042144,3.9914297635699043,,4.5276188123207515,6.149965524161907,,,,,,,,,,,,,,,,,,,,,,,,,,,,,,,,,,,,,,,,,,,,,,,,,,,,,,,,,,,,,,,,,,,,,,,,,,,,,,,,,,,,,,,,,,,,,,,,,,,,,,,,,,,,,,,,,,1
278,2141,5,5.887335175815577,4.102811026315081,0.22872628450968063,,3.693867902390628,0.913172283999704,,,,,,,,,,,,,,,,,,,,,,,,,,,,,,,,,,,,,,,,,,,,,,,,,,,,,,,,,,,,,,,,,,,,,,,,,,,,,,,,,,,,,,,,,,,,,,,,,,,,,,,,,,,,,,,,,,1
279,225,3,6.653634327273945,,4.801341835729159,,4.345645769827932,,,,,,,,,,,,,,,,,,,,,,,,,,,,,,,,,,,,,,,,,,,,,,,,,,,,,,,,,,,,,,,,,,,,,,,,,,,,,,,,,,,,,,,,,,,,,,,,,,,,,,,,,,,,,,,,,,,1
280,3707,5,6.083124395446285,5.428331831622705,3.6040521203243086,,4.255707569491135,6.632856606801218,,,,,,,,,,,,,,,,,,,,,,,,,,,,,,,,,,,,,,,,,,,,,,,,,,,,,,,,,,,,,,,,,,,,,,,,,,,,,,,,,,,,,,,,,,,,,,,,,,,,,,,,,,,,,,,,,,1
281,2962,5,6.182744314291033,0.0,0.0,,0.0,0.0,,,,,,,,,,,,,,,,,,,,,,,,,,,,,,,,,,,,,,,,,,,,,,,,,,,,,,,,,,,,,,,,,,,,,,,,,,,,,,,,,,,,,,,,,,,,,,,,,,,,,,,,,,,,,,,,,,1
282,676,3,6.019156457302171,,,,3.131060520249935,0.10191042566270775,,,,,,,,,,,,,,,,,,,,,,,,,,,,,,,,,,,,,,,,,,,,,,,,,,,,,,,,,,,,,,,,,,,,,,,,,,,,,,,,,,,,,,,,,,,,,,,,,,,,,,,,,,,,,,,,,,1
283,46283,5,6.57867912241006,4.669968786506366,4.866946441409962,,2.9782322537834958,,,,,,,,,,,,,,,,,,,,,,,,,,,,,,,,,,,,,,,,,,,,,,,,,,,,,,,,,,,,,,,,,,,,,,,,,,,,,,,,,,,,,,,,,,,,,,,,,,0.12974245691270775,,,,,,,,,,,,,,,,,1
284,21432,3,,,,,2.461141392124196,,,,,,,,,,,,,,0.0,7.938549360179478,,,,,,,,,,,,,,,,,,,,,,,,,,,,,,,,,,,,,,,,,,,,,,,,,,,,,,,,,,,,,,,,,,,,,,,,,,,,,,,,,,,,,,,,,,,,,,,,,,,,1
285,94,3,,,,,5.379364111816959,,,,,,,,,,,,,,0.0,7.7957956020669785,,,,,,,,,,,,,,,,,,,,,,,,,,,,,,,,,,,,,,,,,,,,,,,,,,,,,,,,,,,,,,,,,,,,,,,,,,,,,,,,,,,,,,,,,,,,,,,,,,,,1
286,9740,4,6.597455189171676,4.615209685277185,1.7562994782573418,,3.057350261660282,,,,,,,,,,,,,,,,,,,,,,,,,,,,,,,,,,,,,,,,,,,,,,,,,,,,,,,,,,,,,,,,,,,,,,,,,,,,,,,,,,,,,,,,,,,,,,,,,,,,,,,,,,,,,,,,,,,1
287,2033,3,5.701322114702386,,,,3.270700653027958,0.10191042566270775,,,,,,,,,,,,,,,,,,,,,,,,,,,,,,,,,,,,,,,,,,,,,,,,,,,,,,,,,,,,,,,,,,,,,,,,,,,,,,,,,,,,,,,,,,,,,,,,,,,,,,,,,,,,,,,,,,1
288,44253,6,5.197773981065132,0.0,0.0,,0.0,0.0,,,,,,0.0,,,,,,,,,,,,,,,,,,,,,,,,,,,,,,,,,,,,,,,,,,,,,,,,,,,,,,,,,,,,,,,,,,,,,,,,,,,,,,,,,,,,,,,,,,,,,,,,,,,,,,,,,,,,1
289,1219,5,6.540097228097334,,2.982842219314239,,7.99842908490605,6.685259955172418,,,,,,,,,,,,5.311671877006897,,,,,,,,,,,,,,,,,,,,,,,,,,,,,,,,,,,,,,,,,,,,,,,,,,,,,,,,,,,,,,,,,,,,,,,,,,,,,,,,,,,,,,,,,,,,,,,,,,,,,,1
290,13249,5,6.631640884227879,4.933646579820487,4.6800559506291535,,7.8790254721697,4.912801544574053,,,,,,,,,,,,,,,,,,,,,,,,,,,,,,,,,,,,,,,,,,,,,,,,,,,,,,,,,,,,,,,,,,,,,,,,,,,,,,,,,,,,,,,,,,,,,,,,,,,,,,,,,,,,,,,,,,1
291,973,3,7.98087186241005,,,,2.494993902252046,0.08153941234324169,,,,,,,,,,,,,,,,,,,,,,,,,,,,,,,,,,,,,,,,,,,,,,,,,,,,,,,,,,,,,,,,,,,,,,,,,,,,,,,,,,,,,,,,,,,,,,,,,,,,,,,,,,,,,,,,,,1
292,708699,5,0.5054935584483099,,0.0,,0.0,0.0,,,,,,,,,,,,0.0,,,,,,,,,,,,,,,,,,,,,,,,,,,,,,,,,,,,,,,,,,,,,,,,,,,,,,,,,,,,,,,,,,,,,,,,,,,,,,,,,,,,,,,,,,,,,,,,,,,,,,1
293,50,8,6.70978498992179,3.827490299568028,0.0,,0.0,0.0,,,,,,0.0,0.0,,,,,,,,,,,,,,,,,,,,,,,,,,,,,,,,,,,,,,,,,,,,,,,,,,,,,,,,,,,,,,,,,,,,,,,,,,,,,,,,,,,,,,,,,,,0.0,,,,,,,,,,,,,,,,1
294,1137,8,6.519900701052091,0.20544562813451883,5.608267033781045,,4.687468104774904,6.591021785049087,,,,,,,0.0,,,,,5.101928231242435,,,,,,,5.849897971022455,,,,,,,,,,,,,,,,,,,,,,,,,,,,,,,,,,,,,,,,,,,,,,,,,,,,,,,,,,,,,,,,,,,,,,,,,,,,,,,,,,,,,,,,,,,,,,,1
295,1625,4,,1.7923292800146053,,,5.44490632818058,,,,,,,,,,,,,,,,,,,,,,,,,,,,,,,,,,,,,,,,,,,,,,,,,,,,,,,,,,,,,,,,,,,,,,,,,,,,,,,,,,,,,,,,,,,,,,,,,,,,7.99996936847958,5.646997635625691,,,,,,,,,,,,,,1
296,1091,5,6.492604366778371,,2.9597105636834176,,7.9915015254375685,6.681656254784924,,,,,,,,,,,,5.317692144553692,,,,,,,,,,,,,,,,,,,,,,,,,,,,,,,,,,,,,,,,,,,,,,,,,,,,,,,,,,,,,,,,,,,,,,,,,,,,,,,,,,,,,,,,,,,,,,,,,,,,,,1
297,1097,5,6.492604366778371,,2.9597105636834176,,7.766688310060932,6.681656254784924,,,,,,,,,,,,5.317692144553692,,,,,,,,,,,,,,,,,,,,,,,,,,,,,,,,,,,,,,,,,,,,,,,,,,,,,,,,,,,,,,,,,,,,,,,,,,,,,,,,,,,,,,,,,,,,,,,,,,,,,,1
298,2676,5,6.440105549497952,5.046835307909969,4.801003752715384,,4.74536361034768,,,0.0,,,,,,,,,,,,,,,,,,,,,,,,,,,,,,,,,,,,,,,,,,,,,,,,,,,,,,,,,,,,,,,,,,,,,,,,,,,,,,,,,,,,,,,,,,,,,,,,,,,,,,,,,,,,,,,,1
299,3602,3,4.398360186563605,,,,3.0523334052203093,0.016408464515625623,,,,,,,,,,,,,,,,,,,,,,,,,,,,,,,,,,,,,,,,,,,,,,,,,,,,,,,,,,,,,,,,,,,,,,,,,,,,,,,,,,,,,,,,,,,,,,,,,,,,,,,,,,,,,,,,,,1
300,956,8,,0.190488766434666,,,7.370997181570858,0.0,,,,,,,0.0,,6.643749028594943,2.740124513017086,0.0,4.486076246232586,,,,,,,,,,,,,,,,,,,,,,,,,,,,,,,,,,,,,,,,,,,,,,,,,,,,,,,,,,,,,,,,,,,,,,,,,,,,,,,,,,,,,,,,,,,,,,,,,,,,,,1
301,967,4,6.153199000714585,4.970546321524819,2.2322569522970026,,5.864364147273901,,,,,,,,,,,,,,,,,,,,,,,,,,,,,,,,,,,,,,,,,,,,,,,,,,,,,,,,,,,,,,,,,,,,,,,,,,,,,,,,,,,,,,,,,,,,,,,,,,,,,,,,,,,,,,,,,,,1
302,2372,3,5.7441648738877635,,0.0,,3.9996908635723583,,,,,,,,,,,,,,,,,,,,,,,,,,,,,,,,,,,,,,,,,,,,,,,,,,,,,,,,,,,,,,,,,,,,,,,,,,,,,,,,,,,,,,,,,,,,,,,,,,,,,,,,,,,,,,,,,,,1
303,2805,5,6.50461029944071,5.026839717718007,1.7360077526852977,,2.22452782481128,,,0.0,,,,,,,,,,,,,,,,,,,,,,,,,,,,,,,,,,,,,,,,,,,,,,,,,,,,,,,,,,,,,,,,,,,,,,,,,,,,,,,,,,,,,,,,,,,,,,,,,,,,,,,,,,,,,,,,1
304,92,3,6.184668385181864,,4.824781531401607,,4.997325647785224,,,,,,,,,,,,,,,,,,,,,,,,,,,,,,,,,,,,,,,,,,,,,,,,,,,,,,,,,,,,,,,,,,,,,,,,,,,,,,,,,,,,,,,,,,,,,,,,,,,,,,,,,,,,,,,,,,,1
305,14711,7,6.325904412289419,4.680880110886309,2.3986702250759007,6.499401878500606,1.9341492129016884,5.460823661650888,3.9811837669665806,,,,,,,,,,,,,,,,,,,,,,,,,,,,,,,,,,,,,,,,,,,,,,,,,,,,,,,,,,,,,,,,,,,,,,,,,,,,,,,,,,,,,,,,,,,,,,,,,,,,,,,,,,,,,,,,,1
306,4437,10,6.485574023578683,1.1831124373148878,1.150024438056286,,3.7168209786339648,6.506431637232052,,,,,,,,,,,,3.9195183477144906,,,,3.308611800746737,0.0,1.8955019546415748,1.2941802165443577,,,,,,,,,,,,,,,,,,,,,,,,,,,,,,,,,,,,,,,,,,,,,,,,,,,,,,,,,,,,,,,,,,,,,,,,,,,,,,,,,,,,,,,,,,,,,,,1
307,8608,5,5.458159529520601,4.387214995386448,3.5569841540597587,4.075643707110204,,3.315166554486447,,,,,,,,,,,,,,,,,,,,,,,,,,,,,,,,,,,,,,,,,,,,,,,,,,,,,,,,,,,,,,,,,,,,,,,,,,,,,,,,,,,,,,,,,,,,,,,,,,,,,,,,,,,,,,,,,,1
308,1620,3,3.193839881526461,,,,1.99717458393243,0.08153941234324169,,,,,,,,,,,,,,,,,,,,,,,,,,,,,,,,,,,,,,,,,,,,,,,,,,,,,,,,,,,,,,,,,,,,,,,,,,,,,,,,,,,,,,,,,,,,,,,,,,,,,,,,,,,,,,,,,,1
309,36715,5,6.518325649116218,4.110020191404543,4.26998604578536,,4.980489278174411,6.62630104680408,,,,,,,,,,,,,,,,,,,,,,,,,,,,,,,,,,,,,,,,,,,,,,,,,,,,,,,,,,,,,,,,,,,,,,,,,,,,,,,,,,,,,,,,,,,,,,,,,,,,,,,,,,,,,,,,,,1
310,1566,8,6.391482648256754,0.2044881574398449,2.246312806661135,,4.148740751523687,,,,,,,,0.0,,,,,4.97188203376719,,,,5.732070848969494,0.0,,,,,,,,,,,,,,,,,,,,,,,,,,,,,,,,,,,,,,,,,,,,,,,,,,,,,,,,,,,,,,,,,,,,,,,,,,,,,,,,,,,,,,,,,,,,,,,,,1
311,1825,3,6.485593826942952,,0.12460826972976341,,6.758152129932724,,,,,,,,,,,,,,,,,,,,,,,,,,,,,,,,,,,,,,,,,,,,,,,,,,,,,,,,,,,,,,,,,,,,,,,,,,,,,,,,,,,,,,,,,,,,,,,,,,,,,,,,,,,,,,,,,,,1
312,2626,10,6.497161140558046,5.77499984929078,2.834682197474598,5.8621728850627015,3.8212091532822936,5.058847053397266,,,,,,,,,,,,4.681388891502282,,,,,,,5.134186632246508,,,,,,,,,,,,,,,,,,,,,,,,,,,,,,,,,,,3.749717440343196,4.094140753252182,,,,,,,,,,,,,,,,,,,,,,,,,,,,,,,,,,,,,,,,,,,,,,,,,,,,,,,,,,,1
313,6109,4,6.7093958205834845,5.094206571155269,3.5896395566987698,,4.6338833129292185,,,,,,,,,,,,,,,,,,,,,,,,,,,,,,,,,,,,,,,,,,,,,,,,,,,,,,,,,,,,,,,,,,,,,,,,,,,,,,,,,,,,,,,,,,,,,,,,,,,,,,,,,,,,,,,,,,,1
314,765,5,6.528600000762592,,2.7562408551673365,,3.0697299801032414,6.49477918510422,,,,,,,,,,,,5.352615092822274,,,,,,,,,,,,,,,,,,,,,,,,,,,,,,,,,,,,,,,,,,,,,,,,,,,,,,,,,,,,,,,,,,,,,,,,,,,,,,,,,,,,,,,,,,,,,,,,,,,,,,1
315,33901,5,6.59286060837214,5.494082413499629,4.751315809464629,,6.158926301239895,5.582545838623219,,,,,,,,,,,,,,,,,,,,,,,,,,,,,,,,,,,,,,,,,,,,,,,,,,,,,,,,,,,,,,,,,,,,,,,,,,,,,,,,,,,,,,,,,,,,,,,,,,,,,,,,,,,,,,,,,,1
316,2089,3,5.811452866043215,,0.0,,2.1894565921962372,,,,,,,,,,,,,,,,,,,,,,,,,,,,,,,,,,,,,,,,,,,,,,,,,,,,,,,,,,,,,,,,,,,,,,,,,,,,,,,,,,,,,,,,,,,,,,,,,,,,,,,,,,,,,,,,,,,1
317,81604,5,6.529103334909181,4.9364913151818435,5.936320271394794,,4.624606545549055,5.090029873836557,,,,,,,,,,,,,,,,,,,,,,,,,,,,,,,,,,,,,,,,,,,,,,,,,,,,,,,,,,,,,,,,,,,,,,,,,,,,,,,,,,,,,,,,,,,,,,,,,,,,,,,,,,,,,,,,,,1
318,13244,13,6.420820585034102,5.522942013319349,2.779313111271184,6.218247000351138,3.9245116920712166,6.492694472111394,,,,,,,,,,,,5.326264091351364,,,,,,,6.120744946568733,,,,,,,,,,,,,,,,,,,,,,,,,,,,,,5.890951024478692,,,,,6.179161771684773,5.091059860760638,,,,,,,,,,,,,,,,,,,,,,,,,,,,,,,,,,,,,,,,,,,,,,3.391610823291186,0.27354613835361985,,,,,,,,,,,,1
319,1247,5,6.3217473923999385,4.993770390461119,0.30609107431271465,,4.708553337303423,6.54351432293331,,,,,,,,,,,,,,,,,,,,,,,,,,,,,,,,,,,,,,,,,,,,,,,,,,,,,,,,,,,,,,,,,,,,,,,,,,,,,,,,,,,,,,,,,,,,,,,,,,,,,,,,,,,,,,,,,,1
320,7367,4,6.507379555750549,4.082456264002708,3.195180359943133,,4.435648160846875,,,,,,,,,,,,,,,,,,,,,,,,,,,,,,,,,,,,,,,,,,,,,,,,,,,,,,,,,,,,,,,,,,,,,,,,,,,,,,,,,,,,,,,,,,,,,,,,,,,,,,,,,,,,,,,,,,,1
321,29611,5,6.537120589578221,4.587679991141126,4.415891683950252,,6.5613368823183515,2.477199444181805,,,,,,,,,,,,,,,,,,,,,,,,,,,,,,,,,,,,,,,,,,,,,,,,,,,,,,,,,,,,,,,,,,,,,,,,,,,,,,,,,,,,,,,,,,,,,,,,,,,,,,,,,,,,,,,,,,1
322,1279,6,6.35625623425366,,0.24905252604825584,,3.412670969427166,5.990858208735436,,,,,,,,,,,,4.8868898091026605,,,,,,,,,,,,,,,,,,,,,,,,,,,,,,,,,,,,,,,,,,,,,,,,,,,,,,,,,,,,,,,,,,,,,,,,,,,,,,,,,,,,,,,,,,,0.835155905718994,,,,,,,,,,,1
323,1109,6,6.422478760068495,5.017675727461697,2.6636926051993224,5.017152010929677,7.997965088229809,5.065020541732556,,,,,,,,,,,,,,,,,,,,,,,,,,,,,,,,,,,,,,,,,,,,,,,,,,,,,,,,,,,,,,,,,,,,,,,,,,,,,,,,,,,,,,,,,,,,,,,,,,,,,,,,,,,,,,,,,,1
324,2684,5,6.45997525651804,5.10195845285476,2.834746489619995,,5.112623549532036,4.5506142560886715,,,,,,,,,,,,,,,,,,,,,,,,,,,,,,,,,,,,,,,,,,,,,,,,,,,,,,,,,,,,,,,,,,,,,,,,,,,,,,,,,,,,,,,,,,,,,,,,,,,,,,,,,,,,,,,,,,1
325,37311,12,6.673714534827095,4.52253709286815,0.7914946209396185,,3.999122004326228,6.803609229687804,,,,,,,,,,,,,,,,,,,0.31780982431271465,,,,,,,,,,,,,,,,,,,,,,,,,,,,,,6.584995131869268,6.684194273154441,6.55241634639485,6.656009603168689,1.4934184893038698,6.111675313036656,,,,,,,,,,,,,,,,,,,,,,,,,,,,,,,,,,,,,,,,,,,,,,,,,,,,,,,,,,,,1
326,3394,5,6.543939144366253,5.421517372787317,2.0265265620179544,,4.017147344643015,4.5490019084104105,,,,,,,,,,,,,,,,,,,,,,,,,,,,,,,,,,,,,,,,,,,,,,,,,,,,,,,,,,,,,,,,,,,,,,,,,,,,,,,,,,,,,,,,,,,,,,,,,,,,,,,,,,,,,,,,,,1
327,2809,3,5.431489523586822,,0.0,,5.386295911362465,,,,,,,,,,,,,,,,,,,,,,,,,,,,,,,,,,,,,,,,,,,,,,,,,,,,,,,,,,,,,,,,,,,,,,,,,,,,,,,,,,,,,,,,,,,,,,,,,,,,,,,,,,,,,,,,,,,1
328,1313,6,6.579269531844026,5.874196472303508,4.661604407466598,5.847918329825849,3.2855924369163576,5.251709844806179,,,,,,,,,,,,,,,,,,,,,,,,,,,,,,,,,,,,,,,,,,,,,,,,,,,,,,,,,,,,,,,,,,,,,,,,,,,,,,,,,,,,,,,,,,,,,,,,,,,,,,,,,,,,,,,,,,1
329,4640,3,4.655478607401694,,,,0.7316681243858475,0.013126943721219527,,,,,,,,,,,,,,,,,,,,,,,,,,,,,,,,,,,,,,,,,,,,,,,,,,,,,,,,,,,,,,,,,,,,,,,,,,,,,,,,,,,,,,,,,,,,,,,,,,,,,,,,,,,,,,,,,,1
330,994,4,6.467073308901374,4.777677127296753,4.8415070363846535,,3.2696754857474044,,,,,,,,,,,,,,,,,,,,,,,,,,,,,,,,,,,,,,,,,,,,,,,,,,,,,,,,,,,,,,,,,,,,,,,,,,,,,,,,,,,,,,,,,,,,,,,,,,,,,,,,,,,,,,,,,,,1
331,1511,8,,0.2044881574398449,,,4.524925237585696,0.0,,,,,,,0.0,,6.631765876950794,2.751820662285145,0.0,4.430733069799036,,,,,,,,,,,,,,,,,,,,,,,,,,,,,,,,,,,,,,,,,,,,,,,,,,,,,,,,,,,,,,,,,,,,,,,,,,,,,,,,,,,,,,,,,,,,,,,,,,,,,,1
332,1322,6,6.374294348036655,4.732659611557367,3.012744593307731,5.559451080750149,3.6473193978233036,5.003257101624002,,,,,,,,,,,,,,,,,,,,,,,,,,,,,,,,,,,,,,,,,,,,,,,,,,,,,,,,,,,,,,,,,,,,,,,,,,,,,,,,,,,,,,,,,,,,,,,,,,,,,,,,,,,,,,,,,,1
333,122,1,,,,,3.9235453223735317,,,,,,,,,,,,,,,,,,,,,,,,,,,,,,,,,,,,,,,,,,,,,,,,,,,,,,,,,,,,,,,,,,,,,,,,,,,,,,,,,,,,,,,,,,,,,,,,,,,,,,,,,,,,,,,,,,,1
334,1196,3,4.185473579068594,,,,2.6938151452564365,0.10191042566270775,,,,,,,,,,,,,,,,,,,,,,,,,,,,,,,,,,,,,,,,,,,,,,,,,,,,,,,,,,,,,,,,,,,,,,,,,,,,,,,,,,,,,,,,,,,,,,,,,,,,,,,,,,,,,,,,,,1
335,3099,11,6.48561072592276,1.3685856741912676,6.2736384992547585,,7.012164413049,6.716270385165007,,,,,,,0.0,,,,,5.221380038042962,,,,6.00129577045557,0.0,3.8616074053479617,1.9118819662075994,,,,,,,,,,,,,,,,,,,,,,,,,,,,,,,,,,,,,,,,,,,,,,,,,,,,,,,,,,,,,,,,,,,,,,,,,,,,,,,,,,,,,,,,,,,,,,,1
336,8723,6,6.640602736416763,5.299535663515545,2.401080477257007,,7.982154682031564,6.347396995208731,,,,,,1.701061688997196,,,,,,,,,,,,,,,,,,,,,,,,,,,,,,,,,,,,,,,,,,,,,,,,,,,,,,,,,,,,,,,,,,,,,,,,,,,,,,,,,,,,,,,,,,,,,,,,,,,,,,,,,,,,1
337,450,3,7.9833128659025565,,,,5.451455590168404,0.23263253450968063,,,,,,,,,,,,,,,,,,,,,,,,,,,,,,,,,,,,,,,,,,,,,,,,,,,,,,,,,,,,,,,,,,,,,,,,,,,,,,,,,,,,,,,,,,,,,,,,,,,,,,,,,,,,,,,,,,1
338,20,5,6.432001904690562,,0.0,,0.0,,,,,,,,0.0,,,,,,,,,,,,,,,,,,,,,,,,,,,,,,,,,,,,,,,,,,,,,,,,,,,,,,,,,,,,,,,,,,,,,,,,,,,,,,,,,,,,,,,,,,,,,,,,,0.0,,,,,,,,,,1
339,1585,6,6.089371960502214,4.732754656633086,1.94155970550761,3.7345363834609016,3.313906745737918,3.4796391880638438,,,,,,,,,,,,,,,,,,,,,,,,,,,,,,,,,,,,,,,,,,,,,,,,,,,,,,,,,,,,,,,,,,,,,,,,,,,,,,,,,,,,,,,,,,,,,,,,,,,,,,,,,,,,,,,,,,1
340,411,3,,,,,5.865482601207156,,,,,,,,,,,,,,0.0,7.999601402707654,,,,,,,,,,,,,,,,,,,,,,,,,,,,,,,,,,,,,,,,,,,,,,,,,,,,,,,,,,,,,,,,,,,,,,,,,,,,,,,,,,,,,,,,,,,,,,,,,,,,1
341,5472,7,6.527466634559168,5.124282482196184,3.2519762922903515,6.0198765030713375,2.1321360597394037,,,,,,,1.9926046129590116,0.020393135236084953,,,,,,,,,,,,,,,,,,,,,,,,,,,,,,,,,,,,,,,,,,,,,,,,,,,,,,,,,,,,,,,,,,,,,,,,,,,,,,,,,,,,,,,,,,,,,,,,,,,,,,,,,,,1
342,48746,6,3.324689062152802,1.6964946075076675,1.343947486073735,0.0,0.0,0.0,,,,,,,,,,,,,,,,,,,,,,,,,,,,,,,,,,,,,,,,,,,,,,,,,,,,,,,,,,,,,,,,,,,,,,,,,,,,,,,,,,,,,,,,,,,,,,,,,,,,,,,,,,,,,,,,,,1
343,2866,6,6.131951641538981,4.063907023693732,6.198538751354282,3.7264946720585876,4.005128268052933,2.356868289781628,,,,,,,,,,,,,,,,,,,,,,,,,,,,,,,,,,,,,,,,,,,,,,,,,,,,,,,,,,,,,,,,,,,,,,,,,,,,,,,,,,,,,,,,,,,,,,,,,,,,,,,,,,,,,,,,,,1
344,938,7,6.459259773723778,,4.994210841911614,,5.5329882278117575,6.621779491534264,,,,,,,0.0,,,,,4.955161391426924,,,,,,,5.649860750078102,,,,,,,,,,,,,,,,,,,,,,,,,,,,,,,,,,,,,,,,,,,,,,,,,,,,,,,,,,,,,,,,,,,,,,,,,,,,,,,,,,,,,,,,,,,,,,,1
345,17561,5,6.233221089590208,5.405709169377137,4.67916223216439,,5.112056178329978,6.612024891065845,,,,,,,,,,,,,,,,,,,,,,,,,,,,,,,,,,,,,,,,,,,,,,,,,,,,,,,,,,,,,,,,,,,,,,,,,,,,,,,,,,,,,,,,,,,,,,,,,,,,,,,,,,,,,,,,,,1
346,18675,10,5.0724507559841685,4.364934284022855,3.95647516505131,6.037876911551035,2.90471358552405,3.523454374313077,,,,,,0.27718562076190567,0.06591441234324169,,,,,4.734828209229227,,,,,,,,,,,,0.17014565200323517,,,,,,,,,,,,,,,,,,,,,,,,,,,,,,,,,,,,,,,,,,,,,,,,,,,,,,,,,,,,,,,,,,,,,,,,,,,,,,,,,,,,,,,,,,1
347,922,5,6.032190997469944,,0.19977565608732903,,4.605896535820775,5.957977413827066,,,,,,,,,,,,4.0820585211517635,,,,,,,,,,,,,,,,,,,,,,,,,,,,,,,,,,,,,,,,,,,,,,,,,,,,,,,,,,,,,,,,,,,,,,,,,,,,,,,,,,,,,,,,,,,,,,,,,,,,,,1
348,835,3,3.5577061074353207,3.1031306304946753,,,7.998355281547301,,,,,,,,,,,,,,,,,,,,,,,,,,,,,,,,,,,,,,,,,,,,,,,,,,,,,,,,,,,,,,,,,,,,,,,,,,,,,,,,,,,,,,,,,,,,,,,,,,,,,,,,,,,,,,,,,,,1
349,2313,6,,,,,1.763901239854559,5.854728288425362,,,,,,,,,6.228980903149806,3.741837862404488,,4.682970429909295,,,,,,,1.3735190586181503,,,,,,,,,,,,,,,,,,,,,,,,,,,,,,,,,,,,,,,,,,,,,,,,,,,,,,,,,,,,,,,,,,,,,,,,,,,,,,,,,,,,,,,,,,,,,,,1
350,658,5,6.113884804427145,,4.91651245911786,5.993572036956991,2.5342342430796925,3.9815335905880103,,,,,,,,,,,,,,,,,,,,,,,,,,,,,,,,,,,,,,,,,,,,,,,,,,,,,,,,,,,,,,,,,,,,,,,,,,,,,,,,,,,,,,,,,,,,,,,,,,,,,,,,,,,,,,,,,,1
351,433,8,,0.2108262677871819,,,6.417320411242575,6.585101391171828,,,,,,,0.0,,6.8840482776665315,4.762337881414456,0.0,4.92861037654883,,,,,,,,,,,,,,,,,,,,,,,,,,,,,,,,,,,,,,,,,,,,,,,,,,,,,,,,,,,,,,,,,,,,,,,,,,,,,,,,,,,,,,,,,,,,,,,,,,,,,,1
352,81,2,7.999762370902667,,,,3.4647445821523695,,,,,,,,,,,,,,,,,,,,,,,,,,,,,,,,,,,,,,,,,,,,,,,,,,,,,,,,,,,,,,,,,,,,,,,,,,,,,,,,,,,,,,,,,,,,,,,,,,,,,,,,,,,,,,,,,,,1
353,16490,7,6.562821923349037,5.108405897376974,3.1545761028353714,,2.8528043055564134,6.790256745431247,,,,,,,0.0,,,,,,,,,,,,,,,,,,,,,,,,0.6054440233147627,,,,,,,,,,,,,,,,,,,,,,,,,,,,,,,,,,,,,,,,,,,,,,,,,,,,,,,,,,,,,,,,,,,,,,,,,,,,,,,,,,,1
354,6862,7,6.361623855259983,4.774763908427645,2.3461032944623823,5.65668357222312,2.5353915257638486,5.39166292650109,2.0615404500955874,,,,,,,,,,,,,,,,,,,,,,,,,,,,,,,,,,,,,,,,,,,,,,,,,,,,,,,,,,,,,,,,,,,,,,,,,,,,,,,,,,,,,,,,,,,,,,,,,,,,,,,,,,,,,,,,,1
355,201,7,0.0,0.0,0.0,,4.629096267640744,4.258974889351555,,,,,,,,,,,,,,,,,,,,,,,,,,,,,,,,,,,,,,,,,,,,,,,,,,,,,,,,,,,,,,,,,,,,,,,,,,,,,,,,,,,,,,,,,,,,,,,,,,,,,,,,,7.875825660077412,,,,,,,,,1
356,793,3,5.203224304875784,,,,3.221855198503661,0.08153941234324169,,,,,,,,,,,,,,,,,,,,,,,,,,,,,,,,,,,,,,,,,,,,,,,,,,,,,,,,,,,,,,,,,,,,,,,,,,,,,,,,,,,,,,,,,,,,,,,,,,,,,,,,,,,,,,,,,,1
357,869,3,5.392273751442006,,,,2.6575371124341443,0.08153941234324169,,,,,,,,,,,,,,,,,,,,,,,,,,,,,,,,,,,,,,,,,,,,,,,,,,,,,,,,,,,,,,,,,,,,,,,,,,,,,,,,,,,,,,,,,,,,,,,,,,,,,,,,,,,,,,,,,,1
358,16632,7,6.562821923349037,5.108405897376974,3.1545761028353714,,5.550411152256143,6.790256745431247,,,,,,,0.0,,,,,,,,,,,,,,,,,,,,,,,,0.5734966016060967,,,,,,,,,,,,,,,,,,,,,,,,,,,,,,,,,,,,,,,,,,,,,,,,,,,,,,,,,,,,,,,,,,,,,,,,,,,,,,,,,,,1
359,1707,5,6.499697507009752,5.207538993430304,4.0323505938358934,,5.6158650091140805,,,0.0,,,,,,,,,,,,,,,,,,,,,,,,,,,,,,,,,,,,,,,,,,,,,,,,,,,,,,,,,,,,,,,,,,,,,,,,,,,,,,,,,,,,,,,,,,,,,,,,,,,,,,,,,,,,,,,,1
360,2987,8,6.1138158039020345,5.260427053334477,3.777068733550534,5.456662895175318,2.8324338850281294,5.144443748968011,,,,,,0.2553906363955928,0.020393135236084953,,,,,,,,,,,,,,,,,,,,,,,,,,,,,,,,,,,,,,,,,,,,,,,,,,,,,,,,,,,,,,,,,,,,,,,,,,,,,,,,,,,,,,,,,,,,,,,,,,,,,,,,,,,1
361,86,2,7.999701501285108,,,,3.502711150653285,,,,,,,,,,,,,,,,,,,,,,,,,,,,,,,,,,,,,,,,,,,,,,,,,,,,,,,,,,,,,,,,,,,,,,,,,,,,,,,,,,,,,,,,,,,,,,,,,,,,,,,,,,,,,,,,,,,1
362,2863,5,6.646949609262107,4.688401870453579,3.9172262561669737,,7.737697454638047,0.0,,,,,,,,,,,,,,,,,,,,,,,,,,,,,,,,,,,,,,,,,,,,,,,,,,,,,,,,,,,,,,,,,,,,,,,,,,,,,,,,,,,,,,,,,,,,,,,,,,,,,,,,,,,,,,,,,,1
363,53556,16,6.1788860971979656,5.235265175828865,1.1536700410276786,,,,,,,,,,0.2272518948570176,,,,,4.865608305330113,,,,,0.0,,,,,,,,,,,,,,,,,,,4.723886292224279,0.1755262916558982,1.084718905399928,,,,,,,,,,,,,,,,,,,,,,,,,,,,,,,,,,,,,,,,,,,,,,,,,,,,,,,,,,,,,,,,,,,,5.981854579150655,4.555586256152399,5.940719030779901,3.951264057109823,1.4107539906961188,4.0506959530879225,2.8801875281470437,,1
364,2846,6,6.497884651859417,4.393893650965181,1.472782260995971,,4.162101495270048,5.566812034073171,,0.0,,,,,,,,,,,,,,,,,,,,,,,,,,,,,,,,,,,,,,,,,,,,,,,,,,,,,,,,,,,,,,,,,,,,,,,,,,,,,,,,,,,,,,,,,,,,,,,,,,,,,,,,,,,,,,,,1
365,5065,6,6.497884651859417,4.393893650965181,1.472782260995971,,4.684661212819608,3.9362232450847756,,0.0,,,,,,,,,,,,,,,,,,,,,,,,,,,,,,,,,,,,,,,,,,,,,,,,,,,,,,,,,,,,,,,,,,,,,,,,,,,,,,,,,,,,,,,,,,,,,,,,,,,,,,,,,,,,,,,,1
366,6123,5,6.60822715389085,4.383775518811042,1.3793356235333818,,3.327517119893625,,,,,,,,,,,,,,,,,,,,,,,,,,,,,,,,,,,,,,,,,,,,,,,,,,,,,,,,,,,,,,,,,,,,,,,,,,,,,,,0.020393135236084953,,,,,,,,,,,,,,,,,,,,,,,,,,,,,,,,,,,,1
367,4601,9,5.503678318695229,3.6398127609061106,4.337936907511559,,4.681319622342255,,,,,,,3.2247905536286967,0.011173818721219527,,,,,4.836967527565669,,,,,,,,,,,,0.06116285224115448,,,,,,,,,,,,,,,,,,,,,,,,,,,,,,,,,,,,,,,,,,,,,0.0,,,,,,,,,,,,,,,,,,,,,,,,,,,,,,,,,,,,,,,,,,,,,1
368,1373,8,,0.2005819074398449,,,4.420545125042978,6.681888348466715,,,,,,,0.0,,6.532890511828247,4.09093654692359,0.0,4.9240922612524916,,,,,,,,,,,,,,,,,,,,,,,,,,,,,,,,,,,,,,,,,,,,,,,,,,,,,,,,,,,,,,,,,,,,,,,,,,,,,,,,,,,,,,,,,,,,,,,,,,,,,,1
369,1957,3,5.43071015374487,,,,4.206528771934509,0.08153941234324169,,,,,,,,,,,,,,,,,,,,,,,,,,,,,,,,,,,,,,,,,,,,,,,,,,,,,,,,,,,,,,,,,,,,,,,,,,,,,,,,,,,,,,,,,,,,,,,,,,,,,,,,,,,,,,,,,,1
370,4002,6,1.3293016485131373,,4.104442522297911,,0.2830525402784044,0.0,5.993125959325652,,,,,,,,,,,6.198531155464579,,,,,,,,,,,,,,,,,,,,,,,,,,,,,,,,,,,,,,,,,,,,,,,,,,,,,,,,,,,,,,,,,,,,,,,,,,,,,,,,,,,,,,,,,,,,,,,,,,,,,,1
371,646,3,5.343600258925033,,,,2.4135444771662558,0.06116285224115448,,,,,,,,,,,,,,,,,,,,,,,,,,,,,,,,,,,,,,,,,,,,,,,,,,,,,,,,,,,,,,,,,,,,,,,,,,,,,,,,,,,,,,,,,,,,,,,,,,,,,,,,,,,,,,,,,,1
372,1395,8,,0.1991075177871819,,,4.479036748832186,0.0,,,,,,,0.0,,6.592464326432143,2.6989257236965982,0.0,4.431273987110556,,,,,,,,,,,,,,,,,,,,,,,,,,,,,,,,,,,,,,,,,,,,,,,,,,,,,,,,,,,,,,,,,,,,,,,,,,,,,,,,,,,,,,,,,,,,,,,,,,,,,,1
373,18580,7,6.575271571319567,6.594475659762677,4.621361162219788,,3.698201765063363,6.6142704838923505,,,,,,0.24044503450968063,0.020393135236084953,,,,,,,,,,,,,,,,,,,,,,,,,,,,,,,,,,,,,,,,,,,,,,,,,,,,,,,,,,,,,,,,,,,,,,,,,,,,,,,,,,,,,,,,,,,,,,,,,,,,,,,,,,,1
374,569,3,7.08840965667952,,,,4.1179291595738725,0.10191042566270775,,,,,,,,,,,,,,,,,,,,,,,,,,,,,,,,,,,,,,,,,,,,,,,,,,,,,,,,,,,,,,,,,,,,,,,,,,,,,,,,,,,,,,,,,,,,,,,,,,,,,,,,,,,,,,,,,,1
375,872,5,6.064892374237741,,6.259929891877815,5.197262989033048,3.4184170917992707,0.7491117162208025,,,,,,,,,,,,,,,,,,,,,,,,,,,,,,,,,,,,,,,,,,,,,,,,,,,,,,,,,,,,,,,,,,,,,,,,,,,,,,,,,,,,,,,,,,,,,,,,,,,,,,,,,,,,,,,,,,1
376,2307,7,6.605400728622397,5.241480792017694,0.8080622801939598,6.166519505609482,2.6866314398519453,5.210725034058643,,,,,,,0.0,,,,,,,,,,,,,,,,,,,,,,,,,,,,,,,,,,,,,,,,,,,,,,,,,,,,,,,,,,,,,,,,,,,,,,,,,,,,,,,,,,,,,,,,,,,,,,,,,,,,,,,,,,,1
377,7706,4,6.650258703779877,5.509198304531099,5.5109987126003945,,5.524923627465688,,,,,,,,,,,,,,,,,,,,,,,,,,,,,,,,,,,,,,,,,,,,,,,,,,,,,,,,,,,,,,,,,,,,,,,,,,,,,,,,,,,,,,,,,,,,,,,,,,,,,,,,,,,,,,,,,,,1
378,3948,4,6.647825785521486,5.424051612063625,1.2659675701052993,,7.999824419979298,,,,,,,,,,,,,,,,,,,,,,,,,,,,,,,,,,,,,,,,,,,,,,,,,,,,,,,,,,,,,,,,,,,,,,,,,,,,,,,,,,,,,,,,,,,,,,,,,,,,,,,,,,,,,,,,,,,1
379,1450,8,,0.2044881574398449,,,4.474580961376198,0.0,,,,,,,0.0,,6.56223225792919,2.753482278202086,0.0,4.430733069799036,,,,,,,,,,,,,,,,,,,,,,,,,,,,,,,,,,,,,,,,,,,,,,,,,,,,,,,,,,,,,,,,,,,,,,,,,,,,,,,,,,,,,,,,,,,,,,,,,,,,,,1
380,1999,5,6.420617196479303,4.705728729308262,2.4195459307224083,,5.3953874971640525,5.46244735696198,,,,,,,,,,,,,,,,,,,,,,,,,,,,,,,,,,,,,,,,,,,,,,,,,,,,,,,,,,,,,,,,,,,,,,,,,,,,,,,,,,,,,,,,,,,,,,,,,,,,,,,,,,,,,,,,,,1
381,43560,4,6.5867875742659985,5.115967084828705,4.505331274999115,,6.624202954363103,,,,,,,,,,,,,,,,,,,,,,,,,,,,,,,,,,,,,,,,,,,,,,,,,,,,,,,,,,,,,,,,,,,,,,,,,,,,,,,,,,,,,,,,,,,,,,,,,,,,,,,,,,,,,,,,,,,1
382,5942,6,4.511903597387576,2.2152230081337536,3.6786451559285847,,2.6679614214302116,5.803352800918964,,,,,,,,,,,,5.130070533413833,,,,,,,,,,,,,,,,,,,,,,,,,,,,,,,,,,,,,,,,,,,,,,,,,,,,,,,,,,,,,,,,,,,,,,,,,,,,,,,,,,,,,,,,,,,,,,,,,,,,,,1
383,1923,3,6.72531150315625,,,,3.5587356184580896,0.10191042566270775,,,,,,,,,,,,,,,,,,,,,,,,,,,,,,,,,,,,,,,,,,,,,,,,,,,,,,,,,,,,,,,,,,,,,,,,,,,,,,,,,,,,,,,,,,,,,,,,,,,,,,,,,,,,,,,,,,1
384,734,4,4.935634995887821,,,,5.8504411391406554,0.10191042566270775,,,,,,,,,,,,,,,,,,,,,,,,,,,,,,,,6.6018607022158475,,,,,,,,,,,,,,,,,,,,,,,,,,,,,,,,,,,,,,,,,,,,,,,,,,,,,,,,,,,,,,,,,,,,,,,,,,,,,,,,,,1
385,1085,5,6.508313982233305,,3.121862282996059,,7.997318848202201,0.0,,,,,,,,,,,,5.109856561340876,,,,,,,,,,,,,,,,,,,,,,,,,,,,,,,,,,,,,,,,,,,,,,,,,,,,,,,,,,,,,,,,,,,,,,,,,,,,,,,,,,,,,,,,,,,,,,,,,,,,,,1
386,1605,4,6.447800356785616,5.304665020133615,2.5260100028237056,,7.235909892916383,,,,,,,,,,,,,,,,,,,,,,,,,,,,,,,,,,,,,,,,,,,,,,,,,,,,,,,,,,,,,,,,,,,,,,,,,,,,,,,,,,,,,,,,,,,,,,,,,,,,,,,,,,,,,,,,,,,1
387,3599,5,6.43110454902067,5.236269898436511,4.044766712062166,,5.734530332357104,,,0.0,,,,,,,,,,,,,,,,,,,,,,,,,,,,,,,,,,,,,,,,,,,,,,,,,,,,,,,,,,,,,,,,,,,,,,,,,,,,,,,,,,,,,,,,,,,,,,,,,,,,,,,,,,,,,,,,1
388,5835,6,6.300656217657545,5.599504009716883,6.0643059875059375,,5.765265505755419,6.626154643959475,,,,,,,,,,,,,,,,,,,,,,,,,,,,,,,,,,,,,,,,,,,,,,,,,,,,,,,,,,,,,,,,,,,,,,,,,,,,,,,,,,,,,,,,,,,,,,,,,,,,,,,,,,,,,,,,,0.0,1
